vote_id,voter_id,candidate_id,constituency_id,vote_timestamp
1,1001,1,1,2082-04-15 17:50:00
2,657,1,1,2082-04-15 12:41:00
3,477,2,1,2082-04-15 12:00:00
4,2763,4,1,2082-04-15 13:12:00
5,784,1,1,2082-04-15 16:41:00
6,2198,1,1,2082-04-15 09:09:00
7,1081,2,1,2082-04-15 17:12:00
8,972,2,1,2082-04-15 13:00:00
9,1522,1,1,2082-04-15 10:57:00
10,1179,2,1,2082-04-15 12:04:00
11,2656,4,1,2082-04-15 07:26:00
12,390,1,1,2082-04-15 13:12:00
13,2830,1,1,2082-04-15 15:05:00
14,2498,1,1,2082-04-15 08:07:00
15,559,1,1,2082-04-15 07:38:00
16,2186,1,1,2082-04-15 07:35:00
17,1985,3,1,2082-04-15 15:17:00
18,138,2,1,2082-04-15 11:34:00
19,2524,2,1,2082-04-15 14:06:00
20,2742,1,1,2082-04-15 15:12:00
21,1352,1,1,2082-04-15 17:08:00
22,2011,1,1,2082-04-15 17:28:00
23,1451,3,1,2082-04-15 15:46:00
24,54,4,1,2082-04-15 10:26:00
25,896,1,1,2082-04-15 08:22:00
26,76,3,1,2082-04-15 17:16:00
27,2158,3,1,2082-04-15 14:06:00
28,151,3,1,2082-04-15 11:21:00
29,1386,6,2,2082-04-15 09:57:00
30,82,8,2,2082-04-15 07:45:00
31,2963,6,2,2082-04-15 12:22:00
32,1142,6,2,2082-04-15 16:50:00
33,1780,5,2,2082-04-15 08:58:00
34,237,6,2,2082-04-15 13:54:00
35,305,7,2,2082-04-15 13:45:00
36,2040,5,2,2082-04-15 10:25:00
37,166,5,2,2082-04-15 16:28:00
38,220,5,2,2082-04-15 15:59:00
39,404,6,2,2082-04-15 17:56:00
40,345,5,2,2082-04-15 11:56:00
41,563,6,2,2082-04-15 15:56:00
42,717,5,2,2082-04-15 07:02:00
43,1757,5,2,2082-04-15 17:19:00
44,1486,5,2,2082-04-15 08:48:00
45,1525,6,2,2082-04-15 17:23:00
46,2200,5,2,2082-04-15 12:02:00
47,1079,5,2,2082-04-15 14:11:00
48,777,5,2,2082-04-15 14:18:00
49,2703,5,2,2082-04-15 14:14:00
50,1181,5,2,2082-04-15 13:51:00
51,2659,6,2,2082-04-15 15:08:00
52,263,5,2,2082-04-15 09:28:00
53,2433,5,2,2082-04-15 17:16:00
54,2774,5,2,2082-04-15 15:03:00
55,1968,5,2,2082-04-15 16:30:00
56,1596,5,2,2082-04-15 17:28:00
57,1194,8,2,2082-04-15 11:46:00
58,1369,9,3,2082-04-15 12:32:00
59,2086,13,3,2082-04-15 14:10:00
60,267,9,3,2082-04-15 16:33:00
61,137,9,3,2082-04-15 07:48:00
62,1477,9,3,2082-04-15 16:32:00
63,1121,13,3,2082-04-15 11:48:00
64,50,11,3,2082-04-15 17:27:00
65,2316,9,3,2082-04-15 17:51:00
66,1309,9,3,2082-04-15 07:34:00
67,165,9,3,2082-04-15 15:56:00
68,1977,10,3,2082-04-15 16:29:00
69,706,12,3,2082-04-15 13:55:00
70,1626,10,3,2082-04-15 17:34:00
71,403,9,3,2082-04-15 08:30:00
72,2259,11,3,2082-04-15 15:39:00
73,406,9,3,2082-04-15 17:23:00
74,2609,10,3,2082-04-15 11:19:00
75,23,10,3,2082-04-15 08:01:00
76,946,10,3,2082-04-15 08:33:00
77,2779,9,3,2082-04-15 07:57:00
78,300,12,3,2082-04-15 08:04:00
79,2624,10,3,2082-04-15 10:37:00
80,1728,9,3,2082-04-15 11:37:00
81,1995,10,3,2082-04-15 16:26:00
82,2071,9,3,2082-04-15 11:03:00
83,2336,10,3,2082-04-15 15:38:00
84,320,13,3,2082-04-15 09:42:00
85,29,10,3,2082-04-15 09:35:00
86,1268,9,3,2082-04-15 17:05:00
87,1501,13,3,2082-04-15 16:56:00
88,1708,15,4,2082-04-15 14:32:00
89,2141,16,4,2082-04-15 12:10:00
90,1864,14,4,2082-04-15 17:57:00
91,1286,14,4,2082-04-15 15:29:00
92,802,14,4,2082-04-15 09:01:00
93,797,14,4,2082-04-15 10:12:00
94,2130,14,4,2082-04-15 16:17:00
95,1801,14,4,2082-04-15 11:47:00
96,2829,15,4,2082-04-15 15:02:00
97,949,14,4,2082-04-15 17:23:00
98,2074,14,4,2082-04-15 14:38:00
99,672,14,4,2082-04-15 14:44:00
100,1610,16,4,2082-04-15 08:15:00
101,2224,14,4,2082-04-15 14:07:00
102,1187,14,4,2082-04-15 11:10:00
103,868,16,4,2082-04-15 15:48:00
104,1673,14,4,2082-04-15 16:26:00
105,124,14,4,2082-04-15 09:54:00
106,339,14,4,2082-04-15 12:16:00
107,1975,15,4,2082-04-15 12:14:00
108,1605,15,4,2082-04-15 13:01:00
109,2371,15,4,2082-04-15 14:20:00
110,992,14,4,2082-04-15 07:54:00
111,966,14,4,2082-04-15 15:37:00
112,1220,15,4,2082-04-15 12:28:00
113,2608,16,4,2082-04-15 07:28:00
114,2183,14,4,2082-04-15 15:49:00
115,2550,14,4,2082-04-15 12:13:00
116,1549,14,4,2082-04-15 08:32:00
117,439,15,4,2082-04-15 13:40:00
118,1449,14,4,2082-04-15 12:58:00
119,1779,15,4,2082-04-15 15:11:00
120,206,14,4,2082-04-15 07:54:00
121,2604,15,4,2082-04-15 07:02:00
122,1279,16,4,2082-04-15 08:57:00
123,1660,15,4,2082-04-15 07:51:00
124,2853,15,4,2082-04-15 14:04:00
125,560,18,5,2082-04-15 08:33:00
126,1833,18,5,2082-04-15 10:18:00
127,41,17,5,2082-04-15 10:37:00
128,260,18,5,2082-04-15 11:07:00
129,1089,17,5,2082-04-15 09:10:00
130,1658,17,5,2082-04-15 14:07:00
131,2691,17,5,2082-04-15 09:12:00
132,2499,18,5,2082-04-15 17:32:00
133,1925,17,5,2082-04-15 11:02:00
134,514,18,5,2082-04-15 13:37:00
135,1185,18,5,2082-04-15 08:39:00
136,1492,17,5,2082-04-15 16:04:00
137,1340,18,5,2082-04-15 14:48:00
138,46,17,5,2082-04-15 07:43:00
139,2735,17,5,2082-04-15 15:56:00
140,2435,17,5,2082-04-15 17:55:00
141,1822,17,5,2082-04-15 14:08:00
142,2982,17,5,2082-04-15 17:13:00
143,2752,18,5,2082-04-15 12:36:00
144,2808,19,5,2082-04-15 12:25:00
145,1508,18,5,2082-04-15 07:32:00
146,2432,17,5,2082-04-15 17:35:00
147,2723,17,5,2082-04-15 17:17:00
148,2197,17,5,2082-04-15 11:07:00
149,684,17,5,2082-04-15 10:06:00
150,2154,18,5,2082-04-15 15:02:00
151,703,18,5,2082-04-15 11:44:00
152,870,18,5,2082-04-15 13:47:00
153,2852,19,5,2082-04-15 14:27:00
154,2254,17,5,2082-04-15 09:19:00
155,1200,17,5,2082-04-15 11:54:00
156,1273,19,5,2082-04-15 12:48:00
157,2946,17,5,2082-04-15 08:53:00
158,2477,19,5,2082-04-15 10:23:00
159,1350,20,6,2082-04-15 08:21:00
160,782,21,6,2082-04-15 17:09:00
161,367,20,6,2082-04-15 09:25:00
162,1862,21,6,2082-04-15 09:09:00
163,372,20,6,2082-04-15 17:56:00
164,1512,21,6,2082-04-15 15:05:00
165,1359,21,6,2082-04-15 08:48:00
166,1602,21,6,2082-04-15 12:34:00
167,2493,20,6,2082-04-15 15:00:00
168,109,21,6,2082-04-15 12:41:00
169,2665,22,6,2082-04-15 14:37:00
170,1955,20,6,2082-04-15 14:01:00
171,1740,20,6,2082-04-15 12:53:00
172,624,20,6,2082-04-15 15:00:00
173,2514,21,6,2082-04-15 08:27:00
174,2825,22,6,2082-04-15 09:50:00
175,426,21,6,2082-04-15 17:21:00
176,952,20,6,2082-04-15 07:14:00
177,2283,20,6,2082-04-15 12:48:00
178,2112,20,6,2082-04-15 15:58:00
179,814,21,6,2082-04-15 08:40:00
180,2326,22,6,2082-04-15 17:04:00
181,2509,20,6,2082-04-15 08:30:00
182,2948,20,6,2082-04-15 09:32:00
183,185,20,6,2082-04-15 12:38:00
184,2131,20,6,2082-04-15 13:02:00
185,836,21,6,2082-04-15 09:07:00
186,1233,21,6,2082-04-15 12:23:00
187,2994,22,6,2082-04-15 08:54:00
188,2352,22,6,2082-04-15 17:43:00
189,2567,20,6,2082-04-15 12:28:00
190,1055,20,6,2082-04-15 09:19:00
191,1810,21,6,2082-04-15 13:09:00
192,1948,22,6,2082-04-15 13:04:00
193,318,22,6,2082-04-15 10:00:00
194,2382,20,6,2082-04-15 08:37:00
195,733,20,6,2082-04-15 14:13:00
196,965,21,6,2082-04-15 14:04:00
197,993,21,6,2082-04-15 07:45:00
198,2065,20,6,2082-04-15 09:49:00
199,1529,23,7,2082-04-15 08:35:00
200,2472,23,7,2082-04-15 17:26:00
201,1323,23,7,2082-04-15 11:42:00
202,357,24,7,2082-04-15 11:41:00
203,2746,24,7,2082-04-15 14:49:00
204,2649,23,7,2082-04-15 10:39:00
205,1974,24,7,2082-04-15 07:32:00
206,1331,23,7,2082-04-15 16:29:00
207,2041,26,7,2082-04-15 13:46:00
208,578,23,7,2082-04-15 14:33:00
209,1464,24,7,2082-04-15 10:04:00
210,2797,23,7,2082-04-15 12:33:00
211,2022,23,7,2082-04-15 13:19:00
212,1581,26,7,2082-04-15 12:47:00
213,1106,26,7,2082-04-15 11:16:00
214,558,23,7,2082-04-15 15:26:00
215,2045,23,7,2082-04-15 07:07:00
216,618,23,7,2082-04-15 14:01:00
217,977,26,7,2082-04-15 14:17:00
218,248,23,7,2082-04-15 13:09:00
219,38,25,7,2082-04-15 11:02:00
220,2373,25,7,2082-04-15 08:19:00
221,2081,23,7,2082-04-15 15:13:00
222,71,23,7,2082-04-15 15:40:00
223,1645,27,7,2082-04-15 11:14:00
224,1098,24,7,2082-04-15 11:44:00
225,2191,24,7,2082-04-15 07:03:00
226,1950,24,7,2082-04-15 11:43:00
227,1163,27,7,2082-04-15 08:47:00
228,2932,24,7,2082-04-15 07:38:00
229,1837,24,7,2082-04-15 08:27:00
230,1183,23,7,2082-04-15 07:58:00
231,2266,27,7,2082-04-15 14:21:00
232,2919,24,7,2082-04-15 09:25:00
233,1302,29,8,2082-04-15 17:05:00
234,864,28,8,2082-04-15 12:04:00
235,2127,28,8,2082-04-15 09:49:00
236,2008,30,8,2082-04-15 14:19:00
237,2578,29,8,2082-04-15 07:42:00
238,149,30,8,2082-04-15 14:27:00
239,1731,28,8,2082-04-15 16:27:00
240,2055,29,8,2082-04-15 11:00:00
241,762,31,8,2082-04-15 10:59:00
242,2682,28,8,2082-04-15 12:21:00
243,114,28,8,2082-04-15 07:25:00
244,643,30,8,2082-04-15 11:04:00
245,2845,28,8,2082-04-15 10:41:00
246,393,28,8,2082-04-15 10:19:00
247,799,29,8,2082-04-15 08:55:00
248,1826,28,8,2082-04-15 14:22:00
249,2026,28,8,2082-04-15 11:20:00
250,1816,28,8,2082-04-15 13:45:00
251,916,28,8,2082-04-15 11:06:00
252,90,28,8,2082-04-15 09:11:00
253,1654,29,8,2082-04-15 08:28:00
254,293,28,8,2082-04-15 13:04:00
255,1400,28,8,2082-04-15 13:53:00
256,566,28,8,2082-04-15 08:52:00
257,2399,28,8,2082-04-15 12:31:00
258,2940,28,8,2082-04-15 14:36:00
259,1696,29,8,2082-04-15 11:17:00
260,1515,29,8,2082-04-15 09:40:00
261,1919,30,8,2082-04-15 16:22:00
262,2460,29,8,2082-04-15 13:00:00
263,1131,28,8,2082-04-15 14:52:00
264,1058,31,8,2082-04-15 14:02:00
265,722,29,8,2082-04-15 11:15:00
266,842,31,8,2082-04-15 10:24:00
267,1322,29,8,2082-04-15 12:04:00
268,1542,32,9,2082-04-15 10:33:00
269,2411,35,9,2082-04-15 15:13:00
270,2067,34,9,2082-04-15 07:03:00
271,834,32,9,2082-04-15 13:53:00
272,410,32,9,2082-04-15 14:51:00
273,2569,33,9,2082-04-15 15:55:00
274,1544,33,9,2082-04-15 09:43:00
275,1732,32,9,2082-04-15 08:49:00
276,696,33,9,2082-04-15 14:44:00
277,650,32,9,2082-04-15 07:39:00
278,862,32,9,2082-04-15 17:09:00
279,959,32,9,2082-04-15 17:53:00
280,2627,34,9,2082-04-15 17:35:00
281,2044,32,9,2082-04-15 13:16:00
282,2394,32,9,2082-04-15 16:46:00
283,1929,32,9,2082-04-15 12:48:00
284,2341,32,9,2082-04-15 07:39:00
285,2403,32,9,2082-04-15 07:29:00
286,1281,33,9,2082-04-15 13:36:00
287,2786,33,9,2082-04-15 14:02:00
288,1122,33,9,2082-04-15 08:03:00
289,500,34,9,2082-04-15 14:19:00
290,3,33,9,2082-04-15 15:52:00
291,2684,32,9,2082-04-15 12:03:00
292,196,32,9,2082-04-15 14:01:00
293,1395,32,9,2082-04-15 13:21:00
294,914,35,9,2082-04-15 11:01:00
295,668,32,9,2082-04-15 12:36:00
296,434,34,9,2082-04-15 08:31:00
297,1881,33,9,2082-04-15 15:10:00
298,413,32,9,2082-04-15 12:50:00
299,2321,34,9,2082-04-15 15:20:00
300,701,34,9,2082-04-15 11:01:00
301,2770,35,9,2082-04-15 11:32:00
302,638,32,9,2082-04-15 15:37:00
303,1900,35,9,2082-04-15 13:12:00
304,225,33,9,2082-04-15 08:29:00
305,540,35,9,2082-04-15 15:20:00
306,1344,35,9,2082-04-15 14:54:00
307,2059,36,10,2082-04-15 10:00:00
308,737,38,10,2082-04-15 08:00:00
309,2297,36,10,2082-04-15 15:38:00
310,1878,37,10,2082-04-15 08:15:00
311,2795,36,10,2082-04-15 17:33:00
312,1597,36,10,2082-04-15 08:12:00
313,173,36,10,2082-04-15 15:02:00
314,1399,36,10,2082-04-15 11:07:00
315,884,36,10,2082-04-15 14:50:00
316,1962,37,10,2082-04-15 16:40:00
317,2943,36,10,2082-04-15 15:56:00
318,2510,37,10,2082-04-15 12:25:00
319,78,36,10,2082-04-15 14:28:00
320,400,36,10,2082-04-15 17:51:00
321,1349,37,10,2082-04-15 14:38:00
322,396,36,10,2082-04-15 08:05:00
323,968,37,10,2082-04-15 17:50:00
324,1768,36,10,2082-04-15 09:58:00
325,353,38,10,2082-04-15 17:58:00
326,754,37,10,2082-04-15 16:11:00
327,1157,37,10,2082-04-15 11:18:00
328,1138,36,10,2082-04-15 12:07:00
329,2333,36,10,2082-04-15 14:40:00
330,2951,36,10,2082-04-15 07:49:00
331,988,36,10,2082-04-15 08:48:00
332,2865,36,10,2082-04-15 07:49:00
333,1791,36,10,2082-04-15 13:14:00
334,1205,37,10,2082-04-15 09:53:00
335,2945,38,10,2082-04-15 10:41:00
336,355,38,10,2082-04-15 16:40:00
337,1155,36,10,2082-04-15 11:49:00
338,1773,36,10,2082-04-15 14:12:00
339,2419,36,10,2082-04-15 13:02:00
340,1012,38,10,2082-04-15 08:58:00
341,999,36,10,2082-04-15 15:57:00
342,1212,36,10,2082-04-15 07:35:00
343,1459,36,10,2082-04-15 08:55:00
344,1100,37,10,2082-04-15 10:12:00
345,1288,37,10,2082-04-15 14:56:00
346,458,37,10,2082-04-15 17:28:00
347,424,36,10,2082-04-15 09:53:00
348,1080,38,10,2082-04-15 17:02:00
349,2274,38,10,2082-04-15 12:45:00
350,2325,36,10,2082-04-15 15:30:00
351,878,37,10,2082-04-15 11:25:00
352,877,36,10,2082-04-15 16:24:00
353,1889,37,10,2082-04-15 17:14:00
354,2725,39,11,2082-04-15 09:41:00
355,1898,39,11,2082-04-15 14:44:00
356,911,39,11,2082-04-15 12:48:00
357,2447,39,11,2082-04-15 09:39:00
358,2265,39,11,2082-04-15 13:27:00
359,2125,39,11,2082-04-15 13:40:00
360,2134,41,11,2082-04-15 12:12:00
361,1871,39,11,2082-04-15 11:11:00
362,2782,39,11,2082-04-15 12:02:00
363,826,40,11,2082-04-15 10:41:00
364,2685,41,11,2082-04-15 15:37:00
365,644,39,11,2082-04-15 09:54:00
366,882,40,11,2082-04-15 07:47:00
367,1193,40,11,2082-04-15 17:23:00
368,2913,41,11,2082-04-15 14:17:00
369,2993,41,11,2082-04-15 09:32:00
370,1953,40,11,2082-04-15 16:16:00
371,1111,40,11,2082-04-15 12:13:00
372,1667,40,11,2082-04-15 08:04:00
373,386,40,11,2082-04-15 16:07:00
374,1739,39,11,2082-04-15 16:00:00
375,2342,39,11,2082-04-15 16:39:00
376,1114,40,11,2082-04-15 13:47:00
377,1191,40,11,2082-04-15 12:36:00
378,296,40,11,2082-04-15 14:15:00
379,1333,39,11,2082-04-15 08:25:00
380,950,39,11,2082-04-15 17:22:00
381,2867,40,11,2082-04-15 10:47:00
382,1750,39,11,2082-04-15 08:52:00
383,2729,40,11,2082-04-15 12:07:00
384,666,40,11,2082-04-15 08:13:00
385,1893,41,11,2082-04-15 11:26:00
386,1845,39,11,2082-04-15 12:45:00
387,1906,39,11,2082-04-15 11:02:00
388,2502,39,11,2082-04-15 12:16:00
389,184,40,11,2082-04-15 16:33:00
390,2699,39,11,2082-04-15 16:23:00
391,2337,41,11,2082-04-15 12:55:00
392,194,39,11,2082-04-15 12:55:00
393,1276,41,11,2082-04-15 13:50:00
394,1178,43,12,2082-04-15 12:16:00
395,2939,42,12,2082-04-15 14:01:00
396,908,43,12,2082-04-15 10:37:00
397,1986,42,12,2082-04-15 15:49:00
398,1401,45,12,2082-04-15 07:26:00
399,550,42,12,2082-04-15 09:58:00
400,2712,45,12,2082-04-15 13:35:00
401,2354,44,12,2082-04-15 13:40:00
402,781,42,12,2082-04-15 11:45:00
403,2009,43,12,2082-04-15 17:19:00
404,2874,43,12,2082-04-15 16:10:00
405,570,42,12,2082-04-15 08:04:00
406,838,42,12,2082-04-15 09:15:00
407,2654,42,12,2082-04-15 07:47:00
408,2812,43,12,2082-04-15 15:36:00
409,2166,42,12,2082-04-15 14:32:00
410,2710,43,12,2082-04-15 11:55:00
411,2227,42,12,2082-04-15 16:12:00
412,2119,42,12,2082-04-15 09:26:00
413,780,42,12,2082-04-15 15:44:00
414,2658,45,12,2082-04-15 17:28:00
415,321,43,12,2082-04-15 16:06:00
416,2640,43,12,2082-04-15 13:24:00
417,1616,43,12,2082-04-15 07:55:00
418,2237,43,12,2082-04-15 10:47:00
419,1334,42,12,2082-04-15 07:08:00
420,674,44,12,2082-04-15 07:35:00
421,2490,45,12,2082-04-15 17:46:00
422,251,45,12,2082-04-15 12:46:00
423,107,43,12,2082-04-15 16:18:00
424,2934,42,12,2082-04-15 08:19:00
425,1978,42,12,2082-04-15 15:24:00
426,528,43,12,2082-04-15 12:59:00
427,2013,44,12,2082-04-15 07:53:00
428,111,43,12,2082-04-15 11:16:00
429,1769,45,12,2082-04-15 17:05:00
430,2698,44,12,2082-04-15 14:14:00
431,2715,45,12,2082-04-15 16:51:00
432,2024,45,12,2082-04-15 11:09:00
433,1330,47,13,2082-04-15 12:32:00
434,1789,47,13,2082-04-15 14:35:00
435,1356,46,13,2082-04-15 10:13:00
436,1690,48,13,2082-04-15 09:39:00
437,641,50,13,2082-04-15 15:42:00
438,2565,47,13,2082-04-15 09:16:00
439,48,46,13,2082-04-15 17:54:00
440,235,49,13,2082-04-15 07:48:00
441,1429,49,13,2082-04-15 07:29:00
442,2230,46,13,2082-04-15 14:07:00
443,1242,47,13,2082-04-15 13:04:00
444,323,50,13,2082-04-15 14:10:00
445,1749,47,13,2082-04-15 11:36:00
446,1104,48,13,2082-04-15 11:20:00
447,2486,49,13,2082-04-15 13:06:00
448,2258,46,13,2082-04-15 14:58:00
449,863,47,13,2082-04-15 14:55:00
450,963,46,13,2082-04-15 08:02:00
451,1198,46,13,2082-04-15 09:29:00
452,2124,47,13,2082-04-15 14:54:00
453,2267,47,13,2082-04-15 14:18:00
454,249,46,13,2082-04-15 15:42:00
455,241,46,13,2082-04-15 11:49:00
456,2754,47,13,2082-04-15 13:32:00
457,2705,47,13,2082-04-15 17:56:00
458,1149,47,13,2082-04-15 15:49:00
459,2748,49,13,2082-04-15 07:21:00
460,139,46,13,2082-04-15 17:07:00
461,2896,46,13,2082-04-15 17:11:00
462,1960,48,13,2082-04-15 11:55:00
463,1078,49,13,2082-04-15 16:06:00
464,331,46,13,2082-04-15 12:11:00
465,1506,48,13,2082-04-15 08:16:00
466,1425,50,13,2082-04-15 08:18:00
467,2592,46,13,2082-04-15 13:00:00
468,12,47,13,2082-04-15 07:54:00
469,1320,46,13,2082-04-15 09:47:00
470,979,46,13,2082-04-15 12:51:00
471,1069,49,13,2082-04-15 10:41:00
472,527,49,13,2082-04-15 14:37:00
473,871,51,14,2082-04-15 10:00:00
474,1275,54,14,2082-04-15 16:00:00
475,1555,53,14,2082-04-15 09:47:00
476,727,52,14,2082-04-15 09:24:00
477,175,55,14,2082-04-15 07:55:00
478,2672,54,14,2082-04-15 15:43:00
479,1618,52,14,2082-04-15 11:16:00
480,2146,52,14,2082-04-15 07:39:00
481,288,51,14,2082-04-15 14:08:00
482,1694,52,14,2082-04-15 07:10:00
483,2310,51,14,2082-04-15 15:01:00
484,188,51,14,2082-04-15 09:37:00
485,2834,51,14,2082-04-15 12:07:00
486,1632,51,14,2082-04-15 08:35:00
487,2630,52,14,2082-04-15 16:52:00
488,1265,55,14,2082-04-15 15:10:00
489,2570,52,14,2082-04-15 13:30:00
490,1527,55,14,2082-04-15 08:37:00
491,387,51,14,2082-04-15 08:55:00
492,2233,51,14,2082-04-15 12:02:00
493,1849,51,14,2082-04-15 14:56:00
494,1999,51,14,2082-04-15 16:56:00
495,1657,51,14,2082-04-15 08:33:00
496,794,52,14,2082-04-15 12:34:00
497,326,53,14,2082-04-15 09:43:00
498,1441,53,14,2082-04-15 10:34:00
499,2632,52,14,2082-04-15 11:44:00
500,1701,51,14,2082-04-15 10:04:00
501,256,54,14,2082-04-15 11:21:00
502,2192,52,14,2082-04-15 16:35:00
503,823,52,14,2082-04-15 11:59:00
504,161,51,14,2082-04-15 08:13:00
505,1503,52,14,2082-04-15 08:57:00
506,2533,51,14,2082-04-15 15:36:00
507,2957,51,14,2082-04-15 13:53:00
508,628,51,14,2082-04-15 07:36:00
509,1136,52,14,2082-04-15 07:28:00
510,2683,55,14,2082-04-15 12:50:00
511,2937,51,14,2082-04-15 14:09:00
512,1463,55,14,2082-04-15 13:11:00
513,1959,53,14,2082-04-15 17:32:00
514,1753,55,14,2082-04-15 09:26:00
515,1371,54,14,2082-04-15 12:56:00
516,534,60,15,2082-04-15 16:48:00
517,317,57,15,2082-04-15 11:09:00
518,2991,57,15,2082-04-15 08:40:00
519,2478,58,15,2082-04-15 08:13:00
520,924,59,15,2082-04-15 17:21:00
521,2175,60,15,2082-04-15 07:34:00
522,215,57,15,2082-04-15 16:55:00
523,695,56,15,2082-04-15 17:52:00
524,106,56,15,2082-04-15 09:20:00
525,1890,56,15,2082-04-15 11:39:00
526,818,56,15,2082-04-15 10:33:00
527,2758,58,15,2082-04-15 09:16:00
528,922,57,15,2082-04-15 14:54:00
529,2776,56,15,2082-04-15 17:47:00
530,824,57,15,2082-04-15 12:01:00
531,1550,57,15,2082-04-15 11:25:00
532,2346,56,15,2082-04-15 10:41:00
533,91,56,15,2082-04-15 15:54:00
534,1410,56,15,2082-04-15 10:50:00
535,1156,58,15,2082-04-15 13:30:00
536,899,56,15,2082-04-15 12:02:00
537,2458,56,15,2082-04-15 17:05:00
538,2969,56,15,2082-04-15 09:57:00
539,2164,60,15,2082-04-15 14:53:00
540,2369,58,15,2082-04-15 11:31:00
541,795,57,15,2082-04-15 16:41:00
542,1884,57,15,2082-04-15 09:26:00
543,289,58,15,2082-04-15 09:54:00
544,2294,57,15,2082-04-15 09:17:00
545,465,58,15,2082-04-15 13:45:00
546,1745,56,15,2082-04-15 14:23:00
547,1087,56,15,2082-04-15 15:38:00
548,617,59,15,2082-04-15 16:58:00
549,2978,58,15,2082-04-15 09:09:00
550,2006,59,15,2082-04-15 10:12:00
551,2856,59,15,2082-04-15 08:08:00
552,2548,56,15,2082-04-15 10:17:00
553,1151,56,15,2082-04-15 16:23:00
554,976,59,15,2082-04-15 17:53:00
555,57,56,15,2082-04-15 14:39:00
556,337,57,15,2082-04-15 07:51:00
557,2753,58,15,2082-04-15 13:03:00
558,2440,58,15,2082-04-15 14:16:00
559,2639,61,16,2082-04-15 10:00:00
560,974,61,16,2082-04-15 14:46:00
561,2375,61,16,2082-04-15 08:58:00
562,129,63,16,2082-04-15 12:27:00
563,2950,64,16,2082-04-15 12:52:00
564,1545,61,16,2082-04-15 09:49:00
565,2750,62,16,2082-04-15 15:57:00
566,1748,61,16,2082-04-15 07:06:00
567,713,62,16,2082-04-15 07:42:00
568,2218,62,16,2082-04-15 15:05:00
569,2462,61,16,2082-04-15 09:39:00
570,1066,61,16,2082-04-15 07:19:00
571,1409,61,16,2082-04-15 11:28:00
572,1798,62,16,2082-04-15 16:35:00
573,2414,61,16,2082-04-15 12:27:00
574,259,61,16,2082-04-15 14:13:00
575,1592,63,16,2082-04-15 14:13:00
576,1957,61,16,2082-04-15 09:16:00
577,1668,63,16,2082-04-15 09:08:00
578,995,61,16,2082-04-15 15:52:00
579,86,61,16,2082-04-15 12:33:00
580,44,61,16,2082-04-15 14:47:00
581,753,62,16,2082-04-15 10:02:00
582,524,62,16,2082-04-15 11:07:00
583,1315,61,16,2082-04-15 14:46:00
584,1541,61,16,2082-04-15 15:50:00
585,2052,62,16,2082-04-15 17:32:00
586,1526,61,16,2082-04-15 13:03:00
587,535,64,16,2082-04-15 12:30:00
588,1513,64,16,2082-04-15 12:50:00
589,261,63,16,2082-04-15 14:47:00
590,174,63,16,2082-04-15 09:30:00
591,938,61,16,2082-04-15 13:28:00
592,2010,62,16,2082-04-15 11:23:00
593,813,62,16,2082-04-15 16:33:00
594,708,62,16,2082-04-15 13:43:00
595,1406,64,16,2082-04-15 10:49:00
596,2713,61,16,2082-04-15 14:45:00
597,1727,63,16,2082-04-15 07:09:00
598,1840,63,16,2082-04-15 08:08:00
599,74,68,17,2082-04-15 11:31:00
600,2002,68,17,2082-04-15 14:23:00
601,123,68,17,2082-04-15 17:32:00
602,2661,66,17,2082-04-15 17:32:00
603,693,67,17,2082-04-15 11:21:00
604,100,66,17,2082-04-15 08:51:00
605,2203,68,17,2082-04-15 14:08:00
606,2126,66,17,2082-04-15 09:47:00
607,1873,67,17,2082-04-15 08:42:00
608,1466,65,17,2082-04-15 13:35:00
609,1247,65,17,2082-04-15 16:14:00
610,2196,65,17,2082-04-15 08:55:00
611,2172,66,17,2082-04-15 17:36:00
612,1819,66,17,2082-04-15 08:35:00
613,147,65,17,2082-04-15 15:37:00
614,2675,65,17,2082-04-15 07:12:00
615,1003,65,17,2082-04-15 17:22:00
616,145,65,17,2082-04-15 16:07:00
617,2178,66,17,2082-04-15 16:45:00
618,1085,65,17,2082-04-15 10:38:00
619,2799,66,17,2082-04-15 12:09:00
620,773,65,17,2082-04-15 08:44:00
621,2819,65,17,2082-04-15 12:41:00
622,153,65,17,2082-04-15 13:54:00
623,1857,68,17,2082-04-15 12:16:00
624,1637,65,17,2082-04-15 10:53:00
625,901,67,17,2082-04-15 17:21:00
626,2159,65,17,2082-04-15 11:10:00
627,1850,66,17,2082-04-15 13:25:00
628,2079,66,17,2082-04-15 17:59:00
629,2841,67,17,2082-04-15 11:17:00
630,1634,66,17,2082-04-15 13:13:00
631,3000,66,17,2082-04-15 13:36:00
632,2928,66,17,2082-04-15 17:56:00
633,837,65,17,2082-04-15 13:05:00
634,14,65,17,2082-04-15 12:46:00
635,1135,67,17,2082-04-15 07:37:00
636,1735,65,17,2082-04-15 08:42:00
637,1813,71,18,2082-04-15 12:29:00
638,2990,69,18,2082-04-15 12:33:00
639,489,69,18,2082-04-15 14:31:00
640,2223,69,18,2082-04-15 08:50:00
641,2540,69,18,2082-04-15 10:55:00
642,368,70,18,2082-04-15 13:33:00
643,1933,69,18,2082-04-15 09:05:00
644,487,70,18,2082-04-15 17:19:00
645,2474,69,18,2082-04-15 08:06:00
646,1413,70,18,2082-04-15 09:16:00
647,2161,69,18,2082-04-15 12:54:00
648,2374,69,18,2082-04-15 10:00:00
649,2083,71,18,2082-04-15 17:46:00
650,1680,70,18,2082-04-15 09:04:00
651,1507,69,18,2082-04-15 16:36:00
652,750,69,18,2082-04-15 13:28:00
653,1203,69,18,2082-04-15 11:54:00
654,275,70,18,2082-04-15 07:32:00
655,648,70,18,2082-04-15 10:05:00
656,2566,70,18,2082-04-15 08:07:00
657,2891,70,18,2082-04-15 14:43:00
658,1567,69,18,2082-04-15 11:44:00
659,2662,71,18,2082-04-15 09:08:00
660,309,69,18,2082-04-15 09:15:00
661,2717,69,18,2082-04-15 15:35:00
662,281,69,18,2082-04-15 11:04:00
663,2256,70,18,2082-04-15 17:57:00
664,2036,69,18,2082-04-15 14:58:00
665,2673,72,18,2082-04-15 10:44:00
666,1726,69,18,2082-04-15 15:41:00
667,872,69,18,2082-04-15 10:30:00
668,2208,69,18,2082-04-15 07:53:00
669,447,69,18,2082-04-15 15:30:00
670,1604,71,18,2082-04-15 07:33:00
671,747,70,18,2082-04-15 14:51:00
672,2561,69,18,2082-04-15 17:59:00
673,2678,69,18,2082-04-15 17:42:00
674,1455,70,18,2082-04-15 10:39:00
675,2206,70,18,2082-04-15 17:19:00
676,945,74,19,2082-04-15 11:59:00
677,2965,73,19,2082-04-15 08:57:00
678,1335,73,19,2082-04-15 15:44:00
679,2527,76,19,2082-04-15 13:40:00
680,925,73,19,2082-04-15 07:02:00
681,201,76,19,2082-04-15 16:55:00
682,2408,76,19,2082-04-15 08:12:00
683,1263,75,19,2082-04-15 08:50:00
684,2822,74,19,2082-04-15 15:00:00
685,2363,75,19,2082-04-15 14:21:00
686,1930,73,19,2082-04-15 11:04:00
687,2720,73,19,2082-04-15 09:20:00
688,2777,75,19,2082-04-15 16:46:00
689,1375,73,19,2082-04-15 17:41:00
690,735,73,19,2082-04-15 13:33:00
691,1551,74,19,2082-04-15 10:23:00
692,962,76,19,2082-04-15 11:28:00
693,9,74,19,2082-04-15 17:01:00
694,1939,73,19,2082-04-15 15:12:00
695,422,73,19,2082-04-15 17:27:00
696,1010,74,19,2082-04-15 15:50:00
697,600,73,19,2082-04-15 08:47:00
698,2587,73,19,2082-04-15 12:08:00
699,801,76,19,2082-04-15 12:18:00
700,1650,73,19,2082-04-15 12:11:00
701,990,75,19,2082-04-15 13:44:00
702,1130,74,19,2082-04-15 10:03:00
703,461,73,19,2082-04-15 07:13:00
704,1715,74,19,2082-04-15 10:27:00
705,1118,75,19,2082-04-15 09:41:00
706,433,77,20,2082-04-15 17:54:00
707,2909,77,20,2082-04-15 16:33:00
708,381,78,20,2082-04-15 07:53:00
709,389,77,20,2082-04-15 09:41:00
710,598,78,20,2082-04-15 14:07:00
711,1590,80,20,2082-04-15 10:12:00
712,898,77,20,2082-04-15 17:01:00
713,476,78,20,2082-04-15 10:05:00
714,1785,78,20,2082-04-15 16:22:00
715,2979,77,20,2082-04-15 17:41:00
716,1467,79,20,2082-04-15 10:54:00
717,1587,80,20,2082-04-15 14:07:00
718,274,77,20,2082-04-15 17:45:00
719,569,77,20,2082-04-15 13:41:00
720,2210,77,20,2082-04-15 07:27:00
721,481,78,20,2082-04-15 13:59:00
722,1146,78,20,2082-04-15 14:26:00
723,2620,79,20,2082-04-15 13:17:00
724,505,77,20,2082-04-15 08:17:00
725,255,78,20,2082-04-15 10:32:00
726,1630,79,20,2082-04-15 14:08:00
727,621,77,20,2082-04-15 09:54:00
728,1292,78,20,2082-04-15 16:06:00
729,929,77,20,2082-04-15 12:55:00
730,156,77,20,2082-04-15 14:00:00
731,290,77,20,2082-04-15 11:23:00
732,1248,79,20,2082-04-15 14:28:00
733,1495,77,20,2082-04-15 12:37:00
734,789,80,20,2082-04-15 08:46:00
735,456,79,20,2082-04-15 17:33:00
736,1571,77,20,2082-04-15 11:33:00
737,330,80,20,2082-04-15 10:41:00
738,1177,77,20,2082-04-15 16:43:00
739,1140,80,20,2082-04-15 10:30:00
740,2298,79,20,2082-04-15 09:43:00
741,2860,77,20,2082-04-15 12:39:00
742,554,81,21,2082-04-15 14:51:00
743,2759,83,21,2082-04-15 17:57:00
744,1389,81,21,2082-04-15 15:42:00
745,2,84,21,2082-04-15 11:34:00
746,1719,81,21,2082-04-15 17:02:00
747,1964,81,21,2082-04-15 10:23:00
748,1966,82,21,2082-04-15 14:56:00
749,2591,81,21,2082-04-15 10:54:00
750,790,81,21,2082-04-15 16:50:00
751,2450,81,21,2082-04-15 12:31:00
752,2544,82,21,2082-04-15 08:42:00
753,2589,82,21,2082-04-15 17:37:00
754,2140,81,21,2082-04-15 09:09:00
755,637,81,21,2082-04-15 17:47:00
756,2366,81,21,2082-04-15 07:26:00
757,1609,83,21,2082-04-15 09:53:00
758,1056,81,21,2082-04-15 09:46:00
759,1775,82,21,2082-04-15 15:53:00
760,1763,82,21,2082-04-15 10:49:00
761,334,81,21,2082-04-15 17:46:00
762,687,81,21,2082-04-15 12:24:00
763,792,82,21,2082-04-15 11:55:00
764,2364,82,21,2082-04-15 14:43:00
765,1038,82,21,2082-04-15 16:45:00
766,1433,83,21,2082-04-15 15:18:00
767,1097,81,21,2082-04-15 14:16:00
768,1476,81,21,2082-04-15 16:02:00
769,250,83,21,2082-04-15 15:05:00
770,707,81,21,2082-04-15 10:50:00
771,1823,82,21,2082-04-15 11:40:00
772,468,83,21,2082-04-15 17:06:00
773,219,81,21,2082-04-15 17:59:00
774,1524,81,21,2082-04-15 16:25:00
775,2132,82,21,2082-04-15 09:32:00
776,58,82,21,2082-04-15 07:34:00
777,340,82,21,2082-04-15 13:50:00
778,518,81,21,2082-04-15 12:23:00
779,1440,81,21,2082-04-15 10:09:00
780,1674,81,21,2082-04-15 12:13:00
781,446,82,21,2082-04-15 12:52:00
782,2850,85,22,2082-04-15 10:56:00
783,2379,85,22,2082-04-15 08:16:00
784,2732,86,22,2082-04-15 16:13:00
785,1253,85,22,2082-04-15 13:24:00
786,254,86,22,2082-04-15 09:48:00
787,332,85,22,2082-04-15 10:06:00
788,626,86,22,2082-04-15 17:04:00
789,1724,86,22,2082-04-15 16:39:00
790,341,85,22,2082-04-15 12:40:00
791,2908,89,22,2082-04-15 14:11:00
792,2115,88,22,2082-04-15 09:19:00
793,442,85,22,2082-04-15 08:55:00
794,596,85,22,2082-04-15 10:49:00
795,142,86,22,2082-04-15 11:16:00
796,80,85,22,2082-04-15 14:57:00
797,1216,88,22,2082-04-15 17:57:00
798,1934,85,22,2082-04-15 08:55:00
799,1450,87,22,2082-04-15 16:57:00
800,276,85,22,2082-04-15 17:31:00
801,2557,85,22,2082-04-15 12:03:00
802,1606,85,22,2082-04-15 17:35:00
803,2018,85,22,2082-04-15 17:02:00
804,1648,86,22,2082-04-15 16:17:00
805,1530,85,22,2082-04-15 08:20:00
806,2437,85,22,2082-04-15 17:39:00
807,501,85,22,2082-04-15 14:13:00
808,2558,89,22,2082-04-15 07:12:00
809,1225,85,22,2082-04-15 17:15:00
810,1502,85,22,2082-04-15 14:14:00
811,1137,86,22,2082-04-15 08:49:00
812,2971,86,22,2082-04-15 15:15:00
813,96,87,22,2082-04-15 11:06:00
814,1531,87,22,2082-04-15 14:43:00
815,1646,85,22,2082-04-15 14:44:00
816,2231,85,22,2082-04-15 13:45:00
817,1756,86,22,2082-04-15 13:54:00
818,1698,86,22,2082-04-15 11:34:00
819,448,85,22,2082-04-15 16:50:00
820,1341,86,22,2082-04-15 15:21:00
821,66,89,22,2082-04-15 11:46:00
822,1456,85,22,2082-04-15 09:08:00
823,169,85,22,2082-04-15 10:55:00
824,1160,91,23,2082-04-15 09:31:00
825,1414,90,23,2082-04-15 07:53:00
826,64,90,23,2082-04-15 09:14:00
827,2545,90,23,2082-04-15 14:26:00
828,2457,90,23,2082-04-15 17:57:00
829,770,90,23,2082-04-15 10:15:00
830,328,91,23,2082-04-15 17:31:00
831,1859,91,23,2082-04-15 16:13:00
832,716,90,23,2082-04-15 10:13:00
833,18,91,23,2082-04-15 10:07:00
834,2888,90,23,2082-04-15 14:26:00
835,1784,90,23,2082-04-15 15:08:00
836,1345,93,23,2082-04-15 14:04:00
837,973,90,23,2082-04-15 09:44:00
838,167,92,23,2082-04-15 12:56:00
839,1090,92,23,2082-04-15 11:47:00
840,1832,91,23,2082-04-15 14:53:00
841,242,90,23,2082-04-15 16:23:00
842,2709,90,23,2082-04-15 16:35:00
843,1190,90,23,2082-04-15 17:39:00
844,1469,90,23,2082-04-15 14:29:00
845,667,90,23,2082-04-15 10:55:00
846,1457,93,23,2082-04-15 12:45:00
847,1558,90,23,2082-04-15 13:47:00
848,2072,91,23,2082-04-15 13:41:00
849,1016,90,23,2082-04-15 15:50:00
850,2761,90,23,2082-04-15 17:08:00
851,1485,91,23,2082-04-15 11:13:00
852,1299,91,23,2082-04-15 10:10:00
853,1237,92,23,2082-04-15 12:56:00
854,2396,90,23,2082-04-15 09:10:00
855,1444,94,24,2082-04-15 07:37:00
856,2516,96,24,2082-04-15 16:20:00
857,2238,94,24,2082-04-15 11:10:00
858,2426,95,24,2082-04-15 12:47:00
859,1394,94,24,2082-04-15 08:57:00
860,2251,94,24,2082-04-15 16:41:00
861,1168,94,24,2082-04-15 12:04:00
862,2315,95,24,2082-04-15 14:53:00
863,756,94,24,2082-04-15 17:57:00
864,1186,94,24,2082-04-15 09:09:00
865,1065,95,24,2082-04-15 08:01:00
866,2983,94,24,2082-04-15 17:36:00
867,2831,94,24,2082-04-15 14:08:00
868,833,96,24,2082-04-15 07:13:00
869,809,94,24,2082-04-15 14:59:00
870,218,95,24,2082-04-15 14:50:00
871,1589,94,24,2082-04-15 14:32:00
872,1166,97,24,2082-04-15 08:58:00
873,1432,94,24,2082-04-15 16:39:00
874,1815,94,24,2082-04-15 16:00:00
875,939,96,24,2082-04-15 07:02:00
876,463,94,24,2082-04-15 10:59:00
877,146,95,24,2082-04-15 09:34:00
878,1411,95,24,2082-04-15 10:30:00
879,1994,95,24,2082-04-15 12:19:00
880,1420,94,24,2082-04-15 14:34:00
881,1357,94,24,2082-04-15 11:33:00
882,1219,94,24,2082-04-15 12:56:00
883,1123,94,24,2082-04-15 15:52:00
884,1102,95,24,2082-04-15 13:35:00
885,1505,95,24,2082-04-15 14:03:00
886,548,98,24,2082-04-15 12:07:00
887,2621,96,24,2082-04-15 16:56:00
888,1847,96,24,2082-04-15 08:51:00
889,2877,96,24,2082-04-15 17:48:00
890,286,99,25,2082-04-15 15:40:00
891,2177,99,25,2082-04-15 16:19:00
892,2547,99,25,2082-04-15 09:02:00
893,2492,99,25,2082-04-15 08:08:00
894,2123,100,25,2082-04-15 10:21:00
895,2320,102,25,2082-04-15 10:43:00
896,815,100,25,2082-04-15 15:30:00
897,852,99,25,2082-04-15 12:47:00
898,22,99,25,2082-04-15 10:28:00
899,1574,100,25,2082-04-15 11:05:00
900,1234,100,25,2082-04-15 17:28:00
901,587,99,25,2082-04-15 13:17:00
902,584,101,25,2082-04-15 17:37:00
903,378,101,25,2082-04-15 10:31:00
904,2798,100,25,2082-04-15 15:25:00
905,1274,99,25,2082-04-15 16:12:00
906,1127,102,25,2082-04-15 09:49:00
907,1044,99,25,2082-04-15 08:45:00
908,2469,99,25,2082-04-15 09:36:00
909,2660,99,25,2082-04-15 17:24:00
910,619,100,25,2082-04-15 17:40:00
911,211,99,25,2082-04-15 08:13:00
912,769,101,25,2082-04-15 15:20:00
913,2476,99,25,2082-04-15 07:54:00
914,936,102,25,2082-04-15 16:54:00
915,791,102,25,2082-04-15 15:42:00
916,2429,102,25,2082-04-15 14:16:00
917,1367,99,25,2082-04-15 09:35:00
918,62,100,25,2082-04-15 09:38:00
919,2695,100,25,2082-04-15 14:09:00
920,297,99,25,2082-04-15 12:31:00
921,1990,101,25,2082-04-15 07:42:00
922,1891,100,25,2082-04-15 10:39:00
923,1032,102,25,2082-04-15 07:14:00
924,551,99,25,2082-04-15 09:05:00
925,2475,100,25,2082-04-15 11:05:00
926,11,101,25,2082-04-15 17:55:00
927,2536,100,25,2082-04-15 14:56:00
928,2193,100,25,2082-04-15 13:11:00
929,2553,100,25,2082-04-15 08:35:00
930,27,99,25,2082-04-15 07:04:00
931,1452,104,26,2082-04-15 10:19:00
932,81,103,26,2082-04-15 13:03:00
933,51,104,26,2082-04-15 09:36:00
934,1196,105,26,2082-04-15 08:39:00
935,1946,103,26,2082-04-15 14:03:00
936,989,104,26,2082-04-15 11:09:00
937,2806,103,26,2082-04-15 15:28:00
938,1132,105,26,2082-04-15 12:37:00
939,101,104,26,2082-04-15 10:52:00
940,1737,103,26,2082-04-15 07:43:00
941,677,103,26,2082-04-15 08:18:00
942,2273,103,26,2082-04-15 14:31:00
943,2167,104,26,2082-04-15 16:33:00
944,1770,103,26,2082-04-15 13:38:00
945,859,103,26,2082-04-15 17:55:00
946,957,105,26,2082-04-15 09:40:00
947,2088,104,26,2082-04-15 12:44:00
948,304,104,26,2082-04-15 15:57:00
949,2844,104,26,2082-04-15 09:31:00
950,1134,103,26,2082-04-15 17:38:00
951,2495,103,26,2082-04-15 17:59:00
952,1277,103,26,2082-04-15 08:49:00
953,270,104,26,2082-04-15 08:50:00
954,2554,105,26,2082-04-15 14:43:00
955,1570,103,26,2082-04-15 08:45:00
956,1988,105,26,2082-04-15 15:50:00
957,441,104,26,2082-04-15 07:36:00
958,669,109,27,2082-04-15 10:44:00
959,2870,107,27,2082-04-15 17:55:00
960,479,110,27,2082-04-15 13:39:00
961,383,106,27,2082-04-15 14:27:00
962,885,107,27,2082-04-15 16:36:00
963,2528,106,27,2082-04-15 13:40:00
964,876,106,27,2082-04-15 10:40:00
965,2467,106,27,2082-04-15 11:09:00
966,2590,106,27,2082-04-15 14:01:00
967,1238,107,27,2082-04-15 07:59:00
968,1165,109,27,2082-04-15 10:10:00
969,2555,108,27,2082-04-15 17:48:00
970,2340,106,27,2082-04-15 11:43:00
971,2796,109,27,2082-04-15 11:37:00
972,34,107,27,2082-04-15 17:40:00
973,1,106,27,2082-04-15 11:36:00
974,2116,106,27,2082-04-15 13:56:00
975,1034,109,27,2082-04-15 09:09:00
976,895,106,27,2082-04-15 10:42:00
977,1267,106,27,2082-04-15 14:08:00
978,557,110,27,2082-04-15 13:22:00
979,1982,106,27,2082-04-15 13:51:00
980,2378,106,27,2082-04-15 10:00:00
981,739,107,27,2082-04-15 15:43:00
982,2386,110,27,2082-04-15 11:56:00
983,2631,107,27,2082-04-15 14:51:00
984,2284,106,27,2082-04-15 08:14:00
985,171,106,27,2082-04-15 11:31:00
986,55,107,27,2082-04-15 15:54:00
987,1101,109,27,2082-04-15 14:26:00
988,163,106,27,2082-04-15 13:50:00
989,1303,106,27,2082-04-15 17:30:00
990,92,107,27,2082-04-15 11:57:00
991,2319,107,27,2082-04-15 07:19:00
992,1572,111,28,2082-04-15 14:32:00
993,495,111,28,2082-04-15 08:30:00
994,1494,111,28,2082-04-15 11:35:00
995,2222,111,28,2082-04-15 08:39:00
996,2093,111,28,2082-04-15 07:45:00
997,168,111,28,2082-04-15 13:23:00
998,2189,112,28,2082-04-15 09:54:00
999,2138,113,28,2082-04-15 12:56:00
1000,354,112,28,2082-04-15 14:02:00
1001,661,112,28,2082-04-15 07:48:00
1002,72,111,28,2082-04-15 14:09:00
1003,1041,112,28,2082-04-15 07:45:00
1004,1061,111,28,2082-04-15 15:54:00
1005,918,111,28,2082-04-15 07:14:00
1006,1927,113,28,2082-04-15 12:23:00
1007,1043,112,28,2082-04-15 14:36:00
1008,856,111,28,2082-04-15 07:40:00
1009,2866,111,28,2082-04-15 12:02:00
1010,2249,111,28,2082-04-15 15:43:00
1011,605,113,28,2082-04-15 17:57:00
1012,2358,111,28,2082-04-15 16:44:00
1013,1888,112,28,2082-04-15 11:12:00
1014,2064,112,28,2082-04-15 14:34:00
1015,483,111,28,2082-04-15 07:18:00
1016,1423,111,28,2082-04-15 17:38:00
1017,1733,111,28,2082-04-15 13:40:00
1018,2728,111,28,2082-04-15 17:09:00
1019,1497,112,28,2082-04-15 08:12:00
1020,360,111,28,2082-04-15 16:58:00
1021,1004,112,28,2082-04-15 10:41:00
1022,333,111,28,2082-04-15 09:57:00
1023,857,111,28,2082-04-15 07:20:00
1024,766,112,28,2082-04-15 09:36:00
1025,491,112,28,2082-04-15 15:54:00
1026,2668,111,28,2082-04-15 12:42:00
1027,83,112,28,2082-04-15 17:30:00
1028,1154,112,28,2082-04-15 15:27:00
1029,344,112,28,2082-04-15 15:42:00
1030,1491,111,28,2082-04-15 09:47:00
1031,488,112,28,2082-04-15 14:35:00
1032,742,112,28,2082-04-15 08:51:00
1033,942,112,28,2082-04-15 14:26:00
1034,2953,111,28,2082-04-15 16:09:00
1035,1298,111,28,2082-04-15 16:29:00
1036,2253,112,28,2082-04-15 14:51:00
1037,2406,111,28,2082-04-15 16:53:00
1038,2936,113,28,2082-04-15 13:49:00
1039,2012,111,28,2082-04-15 12:50:00
1040,1380,112,28,2082-04-15 08:06:00
1041,625,112,28,2082-04-15 08:50:00
1042,844,111,28,2082-04-15 13:04:00
1043,1214,111,28,2082-04-15 11:27:00
1044,1337,111,28,2082-04-15 10:47:00
1045,1641,111,28,2082-04-15 11:03:00
1046,2114,115,29,2082-04-15 09:54:00
1047,1260,114,29,2082-04-15 16:18:00
1048,1548,114,29,2082-04-15 07:45:00
1049,1430,114,29,2082-04-15 07:10:00
1050,1129,114,29,2082-04-15 12:04:00
1051,892,114,29,2082-04-15 16:54:00
1052,2181,116,29,2082-04-15 13:05:00
1053,1514,114,29,2082-04-15 12:48:00
1054,2966,116,29,2082-04-15 13:47:00
1055,1377,114,29,2082-04-15 16:07:00
1056,2187,116,29,2082-04-15 11:29:00
1057,1119,114,29,2082-04-15 07:53:00
1058,1057,114,29,2082-04-15 11:39:00
1059,2582,114,29,2082-04-15 13:42:00
1060,2050,116,29,2082-04-15 15:51:00
1061,411,115,29,2082-04-15 17:35:00
1062,2686,114,29,2082-04-15 16:01:00
1063,112,114,29,2082-04-15 12:23:00
1064,602,114,29,2082-04-15 11:12:00
1065,512,115,29,2082-04-15 08:44:00
1066,2576,116,29,2082-04-15 08:29:00
1067,616,115,29,2082-04-15 12:45:00
1068,1258,114,29,2082-04-15 10:35:00
1069,1006,114,29,2082-04-15 16:28:00
1070,2933,114,29,2082-04-15 08:49:00
1071,2209,114,29,2082-04-15 14:37:00
1072,2421,115,29,2082-04-15 12:23:00
1073,2794,115,29,2082-04-15 09:31:00
1074,216,114,29,2082-04-15 12:09:00
1075,1759,115,29,2082-04-15 13:53:00
1076,61,114,29,2082-04-15 07:11:00
1077,2402,115,29,2082-04-15 10:26:00
1078,349,115,29,2082-04-15 10:47:00
1079,2250,116,29,2082-04-15 12:33:00
1080,2915,119,30,2082-04-15 08:52:00
1081,2574,120,30,2082-04-15 07:38:00
1082,891,117,30,2082-04-15 16:15:00
1083,1373,117,30,2082-04-15 16:40:00
1084,1446,117,30,2082-04-15 17:47:00
1085,1252,117,30,2082-04-15 10:42:00
1086,1208,117,30,2082-04-15 14:41:00
1087,2427,117,30,2082-04-15 15:02:00
1088,545,118,30,2082-04-15 17:44:00
1089,436,118,30,2082-04-15 08:17:00
1090,1867,118,30,2082-04-15 11:26:00
1091,140,120,30,2082-04-15 10:42:00
1092,1370,117,30,2082-04-15 11:34:00
1093,828,117,30,2082-04-15 12:58:00
1094,658,120,30,2082-04-15 08:14:00
1095,2529,117,30,2082-04-15 11:47:00
1096,1049,117,30,2082-04-15 16:28:00
1097,2160,118,30,2082-04-15 17:42:00
1098,1559,120,30,2082-04-15 15:33:00
1099,1598,117,30,2082-04-15 15:39:00
1100,2666,117,30,2082-04-15 09:05:00
1101,2260,117,30,2082-04-15 12:55:00
1102,676,118,30,2082-04-15 17:46:00
1103,2769,117,30,2082-04-15 12:07:00
1104,811,118,30,2082-04-15 07:03:00
1105,2526,120,30,2082-04-15 17:55:00
1106,2952,119,30,2082-04-15 09:42:00
1107,1209,117,30,2082-04-15 13:46:00
1108,2228,117,30,2082-04-15 09:18:00
1109,2163,118,30,2082-04-15 13:04:00
1110,2449,118,30,2082-04-15 15:25:00
1111,1426,117,30,2082-04-15 14:31:00
1112,1385,122,31,2082-04-15 08:23:00
1113,2885,122,31,2082-04-15 12:00:00
1114,2575,121,31,2082-04-15 10:01:00
1115,24,122,31,2082-04-15 09:15:00
1116,1022,121,31,2082-04-15 11:45:00
1117,1901,121,31,2082-04-15 11:17:00
1118,1794,121,31,2082-04-15 12:12:00
1119,1734,122,31,2082-04-15 09:16:00
1120,2393,122,31,2082-04-15 11:34:00
1121,1483,121,31,2082-04-15 17:10:00
1122,266,123,31,2082-04-15 15:06:00
1123,1591,121,31,2082-04-15 12:27:00
1124,490,121,31,2082-04-15 11:02:00
1125,13,121,31,2082-04-15 08:05:00
1126,2595,122,31,2082-04-15 09:15:00
1127,1896,121,31,2082-04-15 09:09:00
1128,1721,121,31,2082-04-15 07:27:00
1129,640,123,31,2082-04-15 17:29:00
1130,223,121,31,2082-04-15 11:52:00
1131,1679,121,31,2082-04-15 17:06:00
1132,711,122,31,2082-04-15 09:03:00
1133,494,121,31,2082-04-15 11:37:00
1134,2068,123,31,2082-04-15 10:59:00
1135,1523,124,31,2082-04-15 13:47:00
1136,2029,122,31,2082-04-15 12:04:00
1137,1036,121,31,2082-04-15 11:35:00
1138,2028,124,31,2082-04-15 12:16:00
1139,402,122,31,2082-04-15 17:04:00
1140,45,122,31,2082-04-15 17:24:00
1141,1633,125,32,2082-04-15 07:15:00
1142,1026,125,32,2082-04-15 15:38:00
1143,2864,125,32,2082-04-15 07:56:00
1144,2584,125,32,2082-04-15 14:52:00
1145,1942,126,32,2082-04-15 14:21:00
1146,1991,125,32,2082-04-15 10:10:00
1147,1969,125,32,2082-04-15 07:40:00
1148,649,126,32,2082-04-15 09:35:00
1149,1293,125,32,2082-04-15 17:31:00
1150,172,125,32,2082-04-15 16:48:00
1151,2652,125,32,2082-04-15 17:43:00
1152,2000,125,32,2082-04-15 16:21:00
1153,1096,125,32,2082-04-15 07:37:00
1154,723,125,32,2082-04-15 09:25:00
1155,1824,128,32,2082-04-15 07:36:00
1156,195,126,32,2082-04-15 14:01:00
1157,2455,125,32,2082-04-15 11:53:00
1158,2517,127,32,2082-04-15 10:54:00
1159,503,125,32,2082-04-15 17:50:00
1160,419,125,32,2082-04-15 11:46:00
1161,1393,125,32,2082-04-15 08:17:00
1162,1071,125,32,2082-04-15 09:16:00
1163,2577,128,32,2082-04-15 12:53:00
1164,1992,126,32,2082-04-15 12:05:00
1165,1116,126,32,2082-04-15 12:28:00
1166,829,126,32,2082-04-15 07:40:00
1167,1174,128,32,2082-04-15 17:57:00
1168,1011,125,32,2082-04-15 16:05:00
1169,2900,128,32,2082-04-15 17:48:00
1170,2464,128,32,2082-04-15 17:25:00
1171,664,130,33,2082-04-15 09:24:00
1172,2791,129,33,2082-04-15 08:55:00
1173,1189,130,33,2082-04-15 16:22:00
1174,2610,130,33,2082-04-15 16:10:00
1175,2922,130,33,2082-04-15 07:53:00
1176,2120,129,33,2082-04-15 11:32:00
1177,1347,129,33,2082-04-15 08:05:00
1178,2299,129,33,2082-04-15 13:11:00
1179,1232,131,33,2082-04-15 15:09:00
1180,905,129,33,2082-04-15 16:58:00
1181,586,130,33,2082-04-15 15:11:00
1182,1284,129,33,2082-04-15 11:38:00
1183,85,131,33,2082-04-15 13:24:00
1184,2899,129,33,2082-04-15 14:00:00
1185,866,131,33,2082-04-15 16:24:00
1186,1245,129,33,2082-04-15 07:02:00
1187,98,129,33,2082-04-15 14:09:00
1188,474,130,33,2082-04-15 16:27:00
1189,238,131,33,2082-04-15 12:11:00
1190,1866,130,33,2082-04-15 11:27:00
1191,2882,130,33,2082-04-15 17:49:00
1192,2053,129,33,2082-04-15 11:53:00
1193,2400,129,33,2082-04-15 12:39:00
1194,1699,129,33,2082-04-15 13:30:00
1195,63,131,33,2082-04-15 16:27:00
1196,1474,131,33,2082-04-15 10:26:00
1197,1077,129,33,2082-04-15 10:07:00
1198,1346,129,33,2082-04-15 07:25:00
1199,2239,129,33,2082-04-15 10:06:00
1200,418,129,33,2082-04-15 08:59:00
1201,1980,130,33,2082-04-15 15:05:00
1202,2571,129,33,2082-04-15 09:27:00
1203,796,129,33,2082-04-15 14:15:00
1204,1266,129,33,2082-04-15 11:54:00
1205,2676,129,33,2082-04-15 10:49:00
1206,380,129,33,2082-04-15 11:47:00
1207,283,129,33,2082-04-15 10:40:00
1208,493,129,33,2082-04-15 16:25:00
1209,2868,129,33,2082-04-15 15:14:00
1210,902,131,33,2082-04-15 17:09:00
1211,2277,129,33,2082-04-15 10:18:00
1212,1809,129,33,2082-04-15 12:14:00
1213,1180,129,33,2082-04-15 17:02:00
1214,1172,129,33,2082-04-15 15:06:00
1215,1339,130,33,2082-04-15 07:43:00
1216,2303,130,33,2082-04-15 10:49:00
1217,1553,130,33,2082-04-15 13:25:00
1218,611,130,33,2082-04-15 15:24:00
1219,2339,129,33,2082-04-15 15:25:00
1220,2292,134,34,2082-04-15 12:13:00
1221,2722,132,34,2082-04-15 13:43:00
1222,1640,132,34,2082-04-15 07:12:00
1223,2768,133,34,2082-04-15 12:41:00
1224,923,132,34,2082-04-15 09:54:00
1225,741,132,34,2082-04-15 07:53:00
1226,2611,134,34,2082-04-15 15:02:00
1227,519,132,34,2082-04-15 07:12:00
1228,2787,134,34,2082-04-15 16:00:00
1229,1870,132,34,2082-04-15 14:43:00
1230,1858,132,34,2082-04-15 14:20:00
1231,2984,133,34,2082-04-15 13:19:00
1232,614,132,34,2082-04-15 08:24:00
1233,1762,132,34,2082-04-15 15:50:00
1234,2681,132,34,2082-04-15 08:09:00
1235,1391,133,34,2082-04-15 14:20:00
1236,301,132,34,2082-04-15 17:46:00
1237,204,132,34,2082-04-15 12:36:00
1238,1647,133,34,2082-04-15 11:15:00
1239,2837,133,34,2082-04-15 17:19:00
1240,43,133,34,2082-04-15 09:16:00
1241,2733,133,34,2082-04-15 12:31:00
1242,682,134,34,2082-04-15 10:06:00
1243,2707,134,34,2082-04-15 17:22:00
1244,2629,132,34,2082-04-15 08:30:00
1245,1475,134,34,2082-04-15 09:45:00
1246,1670,132,34,2082-04-15 13:42:00
1247,806,132,34,2082-04-15 13:51:00
1248,935,133,34,2082-04-15 15:58:00
1249,2964,133,34,2082-04-15 11:56:00
1250,401,132,34,2082-04-15 11:57:00
1251,1765,133,34,2082-04-15 14:16:00
1252,1162,132,34,2082-04-15 17:06:00
1253,2530,133,34,2082-04-15 14:55:00
1254,1052,133,34,2082-04-15 17:50:00
1255,2677,133,34,2082-04-15 08:51:00
1256,53,134,34,2082-04-15 09:40:00
1257,1787,133,34,2082-04-15 10:26:00
1258,56,135,35,2082-04-15 10:01:00
1259,2271,137,35,2082-04-15 09:07:00
1260,1013,137,35,2082-04-15 16:19:00
1261,1874,135,35,2082-04-15 14:52:00
1262,731,136,35,2082-04-15 07:15:00
1263,2329,135,35,2082-04-15 12:36:00
1264,1419,135,35,2082-04-15 14:51:00
1265,2585,135,35,2082-04-15 16:42:00
1266,1806,135,35,2082-04-15 15:55:00
1267,1782,136,35,2082-04-15 16:23:00
1268,2927,137,35,2082-04-15 07:55:00
1269,556,135,35,2082-04-15 10:59:00
1270,117,135,35,2082-04-15 14:52:00
1271,2461,137,35,2082-04-15 12:51:00
1272,1612,135,35,2082-04-15 12:10:00
1273,1676,136,35,2082-04-15 15:00:00
1274,121,135,35,2082-04-15 13:12:00
1275,1903,135,35,2082-04-15 12:22:00
1276,423,136,35,2082-04-15 10:16:00
1277,1778,136,35,2082-04-15 08:28:00
1278,2711,135,35,2082-04-15 15:30:00
1279,1783,135,35,2082-04-15 15:07:00
1280,70,135,35,2082-04-15 14:33:00
1281,2473,137,35,2082-04-15 14:45:00
1282,1600,135,35,2082-04-15 10:36:00
1283,849,136,35,2082-04-15 17:06:00
1284,2121,135,35,2082-04-15 09:41:00
1285,1143,135,35,2082-04-15 17:48:00
1286,2016,136,35,2082-04-15 11:12:00
1287,2289,136,35,2082-04-15 17:54:00
1288,1479,135,35,2082-04-15 07:26:00
1289,1249,139,36,2082-04-15 15:42:00
1290,1915,139,36,2082-04-15 16:55:00
1291,2887,139,36,2082-04-15 09:14:00
1292,2539,138,36,2082-04-15 15:22:00
1293,996,138,36,2082-04-15 11:29:00
1294,1261,139,36,2082-04-15 11:18:00
1295,1861,139,36,2082-04-15 14:35:00
1296,1392,139,36,2082-04-15 07:28:00
1297,2162,140,36,2082-04-15 09:21:00
1298,623,140,36,2082-04-15 08:01:00
1299,2857,138,36,2082-04-15 09:10:00
1300,1834,138,36,2082-04-15 10:49:00
1301,183,138,36,2082-04-15 11:30:00
1302,2954,138,36,2082-04-15 07:13:00
1303,532,138,36,2082-04-15 11:51:00
1304,2060,139,36,2082-04-15 14:52:00
1305,2646,140,36,2082-04-15 15:02:00
1306,361,139,36,2082-04-15 15:18:00
1307,2245,138,36,2082-04-15 13:46:00
1308,2862,138,36,2082-04-15 14:36:00
1309,2920,138,36,2082-04-15 12:00:00
1310,498,138,36,2082-04-15 12:24:00
1311,986,138,36,2082-04-15 11:38:00
1312,2323,140,36,2082-04-15 16:49:00
1313,2109,138,36,2082-04-15 17:48:00
1314,1865,139,36,2082-04-15 10:34:00
1315,2824,138,36,2082-04-15 07:20:00
1316,2168,139,36,2082-04-15 12:19:00
1317,2497,139,36,2082-04-15 11:30:00
1318,2170,139,36,2082-04-15 12:35:00
1319,2278,139,36,2082-04-15 12:03:00
1320,2331,139,36,2082-04-15 07:26:00
1321,282,138,36,2082-04-15 07:30:00
1322,1601,138,36,2082-04-15 15:56:00
1323,1290,138,36,2082-04-15 10:30:00
1324,1015,138,36,2082-04-15 15:53:00
1325,1935,138,36,2082-04-15 14:51:00
1326,1039,138,36,2082-04-15 17:32:00
1327,812,138,36,2082-04-15 11:51:00
1328,921,138,36,2082-04-15 07:48:00
1329,1907,138,36,2082-04-15 13:21:00
1330,2800,138,36,2082-04-15 12:29:00
1331,1301,138,36,2082-04-15 11:41:00
1332,2410,139,36,2082-04-15 11:43:00
1333,1173,138,36,2082-04-15 17:59:00
1334,702,140,36,2082-04-15 16:59:00
1335,840,139,36,2082-04-15 11:46:00
1336,2453,141,37,2082-04-15 08:51:00
1337,2970,142,37,2082-04-15 12:04:00
1338,1557,142,37,2082-04-15 10:42:00
1339,683,141,37,2082-04-15 07:43:00
1340,1427,142,37,2082-04-15 14:04:00
1341,1094,141,37,2082-04-15 14:51:00
1342,1054,141,37,2082-04-15 14:34:00
1343,1073,142,37,2082-04-15 11:08:00
1344,1620,141,37,2082-04-15 12:05:00
1345,2962,143,37,2082-04-15 12:31:00
1346,179,143,37,2082-04-15 17:33:00
1347,1730,141,37,2082-04-15 15:07:00
1348,2452,142,37,2082-04-15 17:13:00
1349,2436,143,37,2082-04-15 13:03:00
1350,2407,141,37,2082-04-15 17:18:00
1351,1009,142,37,2082-04-15 11:02:00
1352,36,142,37,2082-04-15 10:02:00
1353,1294,141,37,2082-04-15 17:53:00
1354,1343,141,37,2082-04-15 11:42:00
1355,2959,143,37,2082-04-15 11:06:00
1356,26,141,37,2082-04-15 13:32:00
1357,1635,142,37,2082-04-15 14:28:00
1358,2171,141,37,2082-04-15 10:05:00
1359,1408,141,37,2082-04-15 13:42:00
1360,800,141,37,2082-04-15 12:19:00
1361,88,141,37,2082-04-15 17:33:00
1362,1447,142,37,2082-04-15 15:43:00
1363,520,143,37,2082-04-15 10:25:00
1364,1035,143,37,2082-04-15 17:30:00
1365,2541,142,37,2082-04-15 09:08:00
1366,1817,141,37,2082-04-15 12:07:00
1367,2165,142,37,2082-04-15 14:29:00
1368,2106,144,37,2082-04-15 12:23:00
1369,954,142,37,2082-04-15 12:48:00
1370,2706,144,37,2082-04-15 09:15:00
1371,714,142,37,2082-04-15 12:10:00
1372,2784,145,38,2082-04-15 11:02:00
1373,546,147,38,2082-04-15 16:50:00
1374,1120,145,38,2082-04-15 14:50:00
1375,869,145,38,2082-04-15 16:36:00
1376,1649,146,38,2082-04-15 09:39:00
1377,1972,146,38,2082-04-15 11:37:00
1378,719,147,38,2082-04-15 14:57:00
1379,1074,146,38,2082-04-15 13:04:00
1380,1421,146,38,2082-04-15 09:17:00
1381,2607,145,38,2082-04-15 10:04:00
1382,2645,145,38,2082-04-15 12:44:00
1383,2148,145,38,2082-04-15 17:50:00
1384,542,145,38,2082-04-15 09:02:00
1385,307,145,38,2082-04-15 16:46:00
1386,516,145,38,2082-04-15 14:11:00
1387,2094,147,38,2082-04-15 16:03:00
1388,1311,147,38,2082-04-15 15:04:00
1389,16,145,38,2082-04-15 17:12:00
1390,2642,146,38,2082-04-15 07:29:00
1391,1148,146,38,2082-04-15 10:58:00
1392,1319,145,38,2082-04-15 13:35:00
1393,1416,145,38,2082-04-15 13:44:00
1394,1917,145,38,2082-04-15 12:44:00
1395,1989,145,38,2082-04-15 11:38:00
1396,912,145,38,2082-04-15 07:18:00
1397,319,146,38,2082-04-15 13:05:00
1398,1519,146,38,2082-04-15 11:22:00
1399,1631,145,38,2082-04-15 12:36:00
1400,126,147,38,2082-04-15 09:27:00
1401,231,145,38,2082-04-15 07:49:00
1402,951,145,38,2082-04-15 14:27:00
1403,1091,145,38,2082-04-15 16:08:00
1404,1362,145,38,2082-04-15 15:52:00
1405,1313,147,38,2082-04-15 07:57:00
1406,1829,148,39,2082-04-15 11:29:00
1407,906,149,39,2082-04-15 15:26:00
1408,2097,149,39,2082-04-15 13:53:00
1409,366,150,39,2082-04-15 16:42:00
1410,1107,148,39,2082-04-15 13:35:00
1411,2287,149,39,2082-04-15 10:35:00
1412,704,149,39,2082-04-15 09:29:00
1413,1543,148,39,2082-04-15 07:31:00
1414,786,149,39,2082-04-15 16:39:00
1415,740,148,39,2082-04-15 16:48:00
1416,1397,148,39,2082-04-15 17:38:00
1417,2961,148,39,2082-04-15 15:38:00
1418,1435,149,39,2082-04-15 10:29:00
1419,103,148,39,2082-04-15 13:45:00
1420,133,148,39,2082-04-15 07:48:00
1421,467,148,39,2082-04-15 10:37:00
1422,2305,150,39,2082-04-15 16:36:00
1423,2872,148,39,2082-04-15 11:46:00
1424,1916,148,39,2082-04-15 15:47:00
1425,298,148,39,2082-04-15 16:26:00
1426,2944,148,39,2082-04-15 10:54:00
1427,506,148,39,2082-04-15 14:22:00
1428,405,148,39,2082-04-15 15:00:00
1429,473,150,39,2082-04-15 07:57:00
1430,207,149,39,2082-04-15 07:04:00
1431,1885,148,39,2082-04-15 13:29:00
1432,2087,150,39,2082-04-15 16:03:00
1433,2960,148,39,2082-04-15 14:15:00
1434,20,149,39,2082-04-15 13:02:00
1435,2444,149,39,2082-04-15 15:55:00
1436,1621,149,39,2082-04-15 08:59:00
1437,409,148,39,2082-04-15 17:58:00
1438,579,151,40,2082-04-15 07:07:00
1439,2921,152,40,2082-04-15 10:16:00
1440,1376,154,40,2082-04-15 12:19:00
1441,1461,151,40,2082-04-15 10:59:00
1442,2700,151,40,2082-04-15 08:43:00
1443,1228,151,40,2082-04-15 17:49:00
1444,1460,151,40,2082-04-15 10:53:00
1445,2855,152,40,2082-04-15 07:26:00
1446,2136,152,40,2082-04-15 09:38:00
1447,983,152,40,2082-04-15 12:27:00
1448,1517,151,40,2082-04-15 13:43:00
1449,132,153,40,2082-04-15 10:53:00
1450,2173,151,40,2082-04-15 14:05:00
1451,1229,151,40,2082-04-15 13:29:00
1452,2149,152,40,2082-04-15 08:21:00
1453,615,151,40,2082-04-15 13:44:00
1454,437,152,40,2082-04-15 12:49:00
1455,2070,152,40,2082-04-15 10:49:00
1456,1403,152,40,2082-04-15 12:05:00
1457,1231,152,40,2082-04-15 07:47:00
1458,2048,152,40,2082-04-15 11:27:00
1459,2579,151,40,2082-04-15 09:15:00
1460,2626,151,40,2082-04-15 14:33:00
1461,2947,151,40,2082-04-15 07:37:00
1462,2588,152,40,2082-04-15 14:00:00
1463,577,151,40,2082-04-15 08:05:00
1464,2362,154,40,2082-04-15 09:11:00
1465,1161,151,40,2082-04-15 15:15:00
1466,1877,154,40,2082-04-15 10:24:00
1467,1617,151,40,2082-04-15 12:33:00
1468,982,151,40,2082-04-15 10:41:00
1469,1458,153,40,2082-04-15 10:35:00
1470,1053,152,40,2082-04-15 07:50:00
1471,1360,153,40,2082-04-15 14:32:00
1472,2694,151,40,2082-04-15 14:50:00
1473,2327,151,40,2082-04-15 13:56:00
1474,311,152,40,2082-04-15 11:52:00
1475,955,158,41,2082-04-15 11:18:00
1476,2446,155,41,2082-04-15 12:36:00
1477,1952,156,41,2082-04-15 17:20:00
1478,2905,155,41,2082-04-15 10:28:00
1479,2133,155,41,2082-04-15 17:01:00
1480,1902,155,41,2082-04-15 13:42:00
1481,2089,156,41,2082-04-15 17:48:00
1482,634,155,41,2082-04-15 07:59:00
1483,2451,156,41,2082-04-15 08:29:00
1484,759,156,41,2082-04-15 07:11:00
1485,2152,156,41,2082-04-15 15:39:00
1486,1361,155,41,2082-04-15 14:33:00
1487,2443,157,41,2082-04-15 07:58:00
1488,2876,157,41,2082-04-15 16:03:00
1489,502,155,41,2082-04-15 10:05:00
1490,606,155,41,2082-04-15 13:09:00
1491,2930,155,41,2082-04-15 12:54:00
1492,119,155,41,2082-04-15 08:55:00
1493,1305,155,41,2082-04-15 09:56:00
1494,2388,155,41,2082-04-15 15:49:00
1495,2212,155,41,2082-04-15 12:23:00
1496,904,156,41,2082-04-15 12:12:00
1497,673,155,41,2082-04-15 13:59:00
1498,1092,155,41,2082-04-15 11:01:00
1499,2080,155,41,2082-04-15 13:02:00
1500,2085,156,41,2082-04-15 10:16:00
1501,2816,158,41,2082-04-15 12:37:00
1502,937,155,41,2082-04-15 11:25:00
1503,2487,156,41,2082-04-15 10:27:00
1504,394,157,41,2082-04-15 10:17:00
1505,1197,160,42,2082-04-15 10:28:00
1506,2043,159,42,2082-04-15 07:33:00
1507,2484,160,42,2082-04-15 11:01:00
1508,1088,159,42,2082-04-15 13:46:00
1509,2073,159,42,2082-04-15 16:38:00
1510,947,159,42,2082-04-15 13:03:00
1511,2976,159,42,2082-04-15 07:03:00
1512,533,160,42,2082-04-15 14:35:00
1513,1254,159,42,2082-04-15 16:14:00
1514,1353,162,42,2082-04-15 16:20:00
1515,2338,159,42,2082-04-15 15:29:00
1516,2958,160,42,2082-04-15 13:38:00
1517,2424,160,42,2082-04-15 08:15:00
1518,431,160,42,2082-04-15 15:22:00
1519,2078,159,42,2082-04-15 15:50:00
1520,2599,159,42,2082-04-15 15:50:00
1521,1841,162,42,2082-04-15 12:19:00
1522,1825,161,42,2082-04-15 17:59:00
1523,1588,159,42,2082-04-15 10:20:00
1524,2306,160,42,2082-04-15 12:01:00
1525,2025,159,42,2082-04-15 15:56:00
1526,2515,159,42,2082-04-15 15:20:00
1527,1844,159,42,2082-04-15 13:28:00
1528,745,159,42,2082-04-15 10:19:00
1529,2395,161,42,2082-04-15 13:11:00
1530,278,160,42,2082-04-15 13:48:00
1531,1710,159,42,2082-04-15 15:56:00
1532,221,162,42,2082-04-15 07:30:00
1533,315,165,43,2082-04-15 17:17:00
1534,639,166,43,2082-04-15 15:31:00
1535,2835,164,43,2082-04-15 12:12:00
1536,17,163,43,2082-04-15 10:32:00
1537,2257,164,43,2082-04-15 09:13:00
1538,1169,163,43,2082-04-15 16:13:00
1539,180,164,43,2082-04-15 09:37:00
1540,645,163,43,2082-04-15 10:27:00
1541,1599,163,43,2082-04-15 16:36:00
1542,2788,163,43,2082-04-15 10:45:00
1543,1908,164,43,2082-04-15 14:29:00
1544,2384,163,43,2082-04-15 09:57:00
1545,2995,163,43,2082-04-15 12:24:00
1546,2522,164,43,2082-04-15 12:03:00
1547,284,163,43,2082-04-15 09:59:00
1548,2471,163,43,2082-04-15 08:18:00
1549,2117,163,43,2082-04-15 11:05:00
1550,294,163,43,2082-04-15 14:51:00
1551,2689,164,43,2082-04-15 08:44:00
1552,2176,165,43,2082-04-15 17:16:00
1553,1949,163,43,2082-04-15 09:06:00
1554,547,164,43,2082-04-15 13:55:00
1555,350,163,43,2082-04-15 15:01:00
1556,2101,163,43,2082-04-15 08:23:00
1557,1040,163,43,2082-04-15 15:31:00
1558,39,164,43,2082-04-15 07:40:00
1559,1776,164,43,2082-04-15 12:09:00
1560,392,163,43,2082-04-15 13:26:00
1561,1388,166,43,2082-04-15 09:06:00
1562,2480,163,43,2082-04-15 12:56:00
1563,2311,165,43,2082-04-15 12:25:00
1564,469,164,43,2082-04-15 10:27:00
1565,2741,164,43,2082-04-15 11:46:00
1566,1625,166,43,2082-04-15 13:07:00
1567,652,163,43,2082-04-15 07:47:00
1568,1318,170,44,2082-04-15 07:46:00
1569,1922,168,44,2082-04-15 13:26:00
1570,2704,167,44,2082-04-15 15:14:00
1571,1235,168,44,2082-04-15 07:23:00
1572,1987,167,44,2082-04-15 15:56:00
1573,656,167,44,2082-04-15 07:02:00
1574,2810,168,44,2082-04-15 10:48:00
1575,2780,167,44,2082-04-15 08:42:00
1576,1979,168,44,2082-04-15 07:48:00
1577,430,167,44,2082-04-15 16:30:00
1578,2285,167,44,2082-04-15 09:54:00
1579,633,167,44,2082-04-15 09:10:00
1580,2377,169,44,2082-04-15 12:09:00
1581,1147,167,44,2082-04-15 15:15:00
1582,371,167,44,2082-04-15 16:49:00
1583,1037,169,44,2082-04-15 15:32:00
1584,1583,167,44,2082-04-15 12:33:00
1585,680,168,44,2082-04-15 09:42:00
1586,1983,167,44,2082-04-15 15:29:00
1587,2749,167,44,2082-04-15 13:14:00
1588,804,168,44,2082-04-15 16:07:00
1589,2216,168,44,2082-04-15 12:47:00
1590,1297,167,44,2082-04-15 15:29:00
1591,748,168,44,2082-04-15 08:17:00
1592,787,167,44,2082-04-15 16:34:00
1593,1537,167,44,2082-04-15 17:45:00
1594,1535,167,44,2082-04-15 09:37:00
1595,2648,167,44,2082-04-15 16:01:00
1596,1002,167,44,2082-04-15 08:42:00
1597,564,167,44,2082-04-15 10:38:00
1598,2153,169,44,2082-04-15 07:11:00
1599,1713,168,44,2082-04-15 08:34:00
1600,1820,170,44,2082-04-15 11:32:00
1601,2255,167,44,2082-04-15 07:15:00
1602,1521,167,44,2082-04-15 08:39:00
1603,1363,167,44,2082-04-15 12:52:00
1604,1453,168,44,2082-04-15 12:05:00
1605,827,167,44,2082-04-15 12:02:00
1606,2015,167,44,2082-04-15 13:30:00
1607,4,167,44,2082-04-15 12:40:00
1608,2351,167,44,2082-04-15 16:31:00
1609,2634,168,44,2082-04-15 14:24:00
1610,2781,170,44,2082-04-15 17:31:00
1611,1671,171,45,2082-04-15 17:51:00
1612,985,172,45,2082-04-15 14:41:00
1613,2279,172,45,2082-04-15 07:28:00
1614,2213,171,45,2082-04-15 16:47:00
1615,880,171,45,2082-04-15 16:21:00
1616,1236,172,45,2082-04-15 14:02:00
1617,610,171,45,2082-04-15 17:06:00
1618,913,171,45,2082-04-15 14:16:00
1619,2563,173,45,2082-04-15 13:18:00
1620,2821,172,45,2082-04-15 12:01:00
1621,1170,171,45,2082-04-15 12:24:00
1622,2334,171,45,2082-04-15 09:41:00
1623,1628,171,45,2082-04-15 12:30:00
1624,1851,173,45,2082-04-15 11:10:00
1625,2438,171,45,2082-04-15 11:36:00
1626,2562,172,45,2082-04-15 13:07:00
1627,2790,173,45,2082-04-15 07:25:00
1628,497,171,45,2082-04-15 12:14:00
1629,1443,171,45,2082-04-15 16:54:00
1630,1202,172,45,2082-04-15 12:23:00
1631,994,171,45,2082-04-15 17:16:00
1632,1546,171,45,2082-04-15 13:31:00
1633,5,172,45,2082-04-15 07:42:00
1634,2827,171,45,2082-04-15 14:10:00
1635,2863,171,45,2082-04-15 16:51:00
1636,1594,171,45,2082-04-15 08:16:00
1637,651,171,45,2082-04-15 14:39:00
1638,2883,172,45,2082-04-15 11:50:00
1639,312,172,45,2082-04-15 16:03:00
1640,141,172,45,2082-04-15 11:20:00
1641,1856,171,45,2082-04-15 16:34:00
1642,2180,171,45,2082-04-15 13:02:00
1643,1811,175,46,2082-04-15 13:19:00
1644,536,174,46,2082-04-15 08:06:00
1645,2743,174,46,2082-04-15 15:36:00
1646,515,177,46,2082-04-15 10:36:00
1647,1402,176,46,2082-04-15 14:41:00
1648,496,174,46,2082-04-15 14:04:00
1649,2716,176,46,2082-04-15 12:10:00
1650,2150,175,46,2082-04-15 09:29:00
1651,1965,174,46,2082-04-15 14:19:00
1652,620,176,46,2082-04-15 16:16:00
1653,1264,174,46,2082-04-15 15:40:00
1654,752,174,46,2082-04-15 17:33:00
1655,1498,175,46,2082-04-15 11:27:00
1656,1115,174,46,2082-04-15 09:06:00
1657,1271,175,46,2082-04-15 16:19:00
1658,541,174,46,2082-04-15 10:44:00
1659,692,174,46,2082-04-15 11:45:00
1660,851,177,46,2082-04-15 10:44:00
1661,1622,175,46,2082-04-15 17:01:00
1662,443,174,46,2082-04-15 09:36:00
1663,1666,174,46,2082-04-15 10:02:00
1664,2500,174,46,2082-04-15 14:49:00
1665,2096,176,46,2082-04-15 09:28:00
1666,1240,175,46,2082-04-15 15:13:00
1667,2836,175,46,2082-04-15 09:02:00
1668,1493,174,46,2082-04-15 09:34:00
1669,1662,175,46,2082-04-15 13:32:00
1670,2019,174,46,2082-04-15 12:10:00
1671,347,177,46,2082-04-15 12:00:00
1672,1472,174,46,2082-04-15 16:31:00
1673,2734,175,46,2082-04-15 16:01:00
1674,375,174,46,2082-04-15 15:28:00
1675,1747,179,47,2082-04-15 09:32:00
1676,453,179,47,2082-04-15 12:36:00
1677,324,178,47,2082-04-15 09:58:00
1678,2347,178,47,2082-04-15 15:11:00
1679,2918,178,47,2082-04-15 10:03:00
1680,2594,178,47,2082-04-15 07:10:00
1681,2693,179,47,2082-04-15 11:32:00
1682,125,178,47,2082-04-15 09:18:00
1683,2240,178,47,2082-04-15 10:23:00
1684,2380,180,47,2082-04-15 14:40:00
1685,907,178,47,2082-04-15 16:36:00
1686,2179,178,47,2082-04-15 08:49:00
1687,25,178,47,2082-04-15 16:20:00
1688,1405,178,47,2082-04-15 17:30:00
1689,2655,179,47,2082-04-15 13:18:00
1690,273,178,47,2082-04-15 13:04:00
1691,2988,178,47,2082-04-15 17:23:00
1692,1894,179,47,2082-04-15 08:12:00
1693,874,178,47,2082-04-15 07:42:00
1694,1255,178,47,2082-04-15 12:43:00
1695,2997,179,47,2082-04-15 16:58:00
1696,2633,179,47,2082-04-15 09:46:00
1697,2818,178,47,2082-04-15 16:36:00
1698,7,180,47,2082-04-15 14:28:00
1699,2637,179,47,2082-04-15 13:59:00
1700,2503,178,47,2082-04-15 09:14:00
1701,2156,178,47,2082-04-15 07:47:00
1702,365,179,47,2082-04-15 12:36:00
1703,1569,178,47,2082-04-15 12:54:00
1704,991,179,47,2082-04-15 12:31:00
1705,1316,178,47,2082-04-15 13:25:00
1706,440,179,47,2082-04-15 11:12:00
1707,1230,178,47,2082-04-15 07:44:00
1708,1325,178,47,2082-04-15 13:32:00
1709,604,179,47,2082-04-15 14:50:00
1710,2880,178,47,2082-04-15 14:41:00
1711,316,179,47,2082-04-15 10:16:00
1712,1940,179,47,2082-04-15 10:03:00
1713,2280,178,47,2082-04-15 14:27:00
1714,2282,178,47,2082-04-15 12:35:00
1715,816,179,47,2082-04-15 12:15:00
1716,647,179,47,2082-04-15 14:17:00
1717,2431,178,47,2082-04-15 16:02:00
1718,953,178,47,2082-04-15 09:10:00
1719,2317,179,47,2082-04-15 16:28:00
1720,1836,179,47,2082-04-15 15:02:00
1721,2404,178,47,2082-04-15 08:34:00
1722,1688,179,47,2082-04-15 16:19:00
1723,148,180,47,2082-04-15 17:35:00
1724,1608,178,47,2082-04-15 15:19:00
1725,2564,179,47,2082-04-15 09:57:00
1726,1164,181,48,2082-04-15 15:55:00
1727,1398,181,48,2082-04-15 11:05:00
1728,2151,182,48,2082-04-15 14:30:00
1729,580,181,48,2082-04-15 08:37:00
1730,525,181,48,2082-04-15 13:21:00
1731,2949,182,48,2082-04-15 15:26:00
1732,369,182,48,2082-04-15 12:06:00
1733,28,182,48,2082-04-15 08:04:00
1734,1781,182,48,2082-04-15 13:56:00
1735,1482,181,48,2082-04-15 17:12:00
1736,1910,181,48,2082-04-15 08:37:00
1737,2568,182,48,2082-04-15 13:50:00
1738,700,181,48,2082-04-15 17:10:00
1739,507,181,48,2082-04-15 08:50:00
1740,2102,181,48,2082-04-15 12:32:00
1741,1086,181,48,2082-04-15 10:55:00
1742,1381,181,48,2082-04-15 11:19:00
1743,1117,182,48,2082-04-15 15:46:00
1744,2296,181,48,2082-04-15 09:22:00
1745,847,182,48,2082-04-15 14:58:00
1746,2756,183,48,2082-04-15 17:19:00
1747,292,181,48,2082-04-15 17:19:00
1748,1638,182,48,2082-04-15 09:26:00
1749,1685,183,48,2082-04-15 07:38:00
1750,1468,182,48,2082-04-15 09:40:00
1751,853,181,48,2082-04-15 15:31:00
1752,2061,181,48,2082-04-15 07:42:00
1753,1108,181,48,2082-04-15 15:35:00
1754,555,181,48,2082-04-15 07:15:00
1755,1573,181,48,2082-04-15 17:38:00
1756,2291,183,48,2082-04-15 14:15:00
1757,1046,183,48,2082-04-15 10:51:00
1758,2330,183,48,2082-04-15 07:57:00
1759,2033,183,48,2082-04-15 17:12:00
1760,247,182,48,2082-04-15 11:23:00
1761,1175,182,48,2082-04-15 12:14:00
1762,2785,183,48,2082-04-15 09:11:00
1763,1317,182,48,2082-04-15 10:17:00
1764,1883,184,49,2082-04-15 17:00:00
1765,2622,185,49,2082-04-15 15:17:00
1766,2129,185,49,2082-04-15 08:02:00
1767,1387,187,49,2082-04-15 10:15:00
1768,768,187,49,2082-04-15 14:14:00
1769,1223,185,49,2082-04-15 15:35:00
1770,729,184,49,2082-04-15 14:54:00
1771,2144,184,49,2082-04-15 13:49:00
1772,679,184,49,2082-04-15 09:27:00
1773,2917,185,49,2082-04-15 09:29:00
1774,2701,184,49,2082-04-15 08:48:00
1775,52,186,49,2082-04-15 13:06:00
1776,1937,184,49,2082-04-15 08:11:00
1777,1693,184,49,2082-04-15 09:13:00
1778,482,186,49,2082-04-15 09:56:00
1779,2898,188,49,2082-04-15 13:02:00
1780,504,184,49,2082-04-15 09:25:00
1781,607,185,49,2082-04-15 12:35:00
1782,1580,188,49,2082-04-15 08:01:00
1783,2903,186,49,2082-04-15 16:55:00
1784,2597,184,49,2082-04-15 13:48:00
1785,1707,185,49,2082-04-15 14:07:00
1786,2507,185,49,2082-04-15 10:36:00
1787,1383,184,49,2082-04-15 14:48:00
1788,2897,187,49,2082-04-15 17:37:00
1789,2613,185,49,2082-04-15 08:01:00
1790,1488,184,49,2082-04-15 09:30:00
1791,2793,184,49,2082-04-15 17:16:00
1792,2107,185,49,2082-04-15 10:28:00
1793,2999,184,49,2082-04-15 15:28:00
1794,1961,184,49,2082-04-15 15:10:00
1795,830,184,49,2082-04-15 16:26:00
1796,2543,187,49,2082-04-15 09:04:00
1797,471,185,49,2082-04-15 11:07:00
1798,1807,184,49,2082-04-15 16:00:00
1799,1008,187,49,2082-04-15 11:49:00
1800,1005,184,49,2082-04-15 09:34:00
1801,544,190,50,2082-04-15 17:07:00
1802,1093,192,50,2082-04-15 09:29:00
1803,1206,189,50,2082-04-15 07:53:00
1804,2956,189,50,2082-04-15 12:42:00
1805,642,191,50,2082-04-15 16:23:00
1806,665,189,50,2082-04-15 08:15:00
1807,2980,192,50,2082-04-15 14:45:00
1808,1291,190,50,2082-04-15 16:39:00
1809,229,189,50,2082-04-15 17:31:00
1810,1062,190,50,2082-04-15 08:34:00
1811,627,192,50,2082-04-15 07:35:00
1812,457,189,50,2082-04-15 17:55:00
1813,2739,189,50,2082-04-15 13:13:00
1814,2343,190,50,2082-04-15 08:05:00
1815,822,191,50,2082-04-15 15:15:00
1816,671,190,50,2082-04-15 08:54:00
1817,1828,190,50,2082-04-15 11:54:00
1818,1697,190,50,2082-04-15 13:05:00
1819,2147,190,50,2082-04-15 10:52:00
1820,944,189,50,2082-04-15 17:31:00
1821,32,190,50,2082-04-15 16:43:00
1822,888,189,50,2082-04-15 11:22:00
1823,1014,189,50,2082-04-15 08:57:00
1824,1703,189,50,2082-04-15 16:44:00
1825,1047,191,50,2082-04-15 08:55:00
1826,2871,192,50,2082-04-15 09:20:00
1827,1059,189,50,2082-04-15 13:27:00
1828,1176,189,50,2082-04-15 17:57:00
1829,1595,189,50,2082-04-15 11:31:00
1830,1332,193,50,2082-04-15 07:09:00
1831,47,193,50,2082-04-15 14:01:00
1832,2463,190,50,2082-04-15 13:58:00
1833,1509,192,50,2082-04-15 11:48:00
1834,306,190,50,2082-04-15 08:41:00
1835,2004,194,51,2082-04-15 13:54:00
1836,1928,194,51,2082-04-15 16:05:00
1837,917,194,51,2082-04-15 10:55:00
1838,2357,194,51,2082-04-15 12:12:00
1839,590,194,51,2082-04-15 11:01:00
1840,135,194,51,2082-04-15 16:52:00
1841,445,194,51,2082-04-15 11:46:00
1842,1562,195,51,2082-04-15 14:21:00
1843,2155,195,51,2082-04-15 12:10:00
1844,272,194,51,2082-04-15 09:13:00
1845,1971,196,51,2082-04-15 07:07:00
1846,1439,194,51,2082-04-15 15:57:00
1847,2989,195,51,2082-04-15 12:35:00
1848,678,194,51,2082-04-15 10:17:00
1849,981,196,51,2082-04-15 08:39:00
1850,1028,196,51,2082-04-15 08:51:00
1851,2598,195,51,2082-04-15 10:21:00
1852,2807,195,51,2082-04-15 14:03:00
1853,2671,195,51,2082-04-15 14:08:00
1854,609,196,51,2082-04-15 07:01:00
1855,2538,195,51,2082-04-15 15:10:00
1856,2415,196,51,2082-04-15 08:43:00
1857,314,194,51,2082-04-15 10:10:00
1858,2525,197,51,2082-04-15 17:03:00
1859,2641,197,51,2082-04-15 08:29:00
1860,2826,194,51,2082-04-15 07:38:00
1861,1184,196,51,2082-04-15 13:05:00
1862,1682,194,51,2082-04-15 10:39:00
1863,420,195,51,2082-04-15 08:07:00
1864,1976,197,51,2082-04-15 16:10:00
1865,1019,195,51,2082-04-15 08:20:00
1866,2895,197,51,2082-04-15 10:17:00
1867,2465,195,51,2082-04-15 09:34:00
1868,438,194,51,2082-04-15 15:17:00
1869,803,194,51,2082-04-15 07:01:00
1870,2967,195,51,2082-04-15 09:11:00
1871,2828,194,51,2082-04-15 09:10:00
1872,1382,194,51,2082-04-15 10:48:00
1873,960,195,51,2082-04-15 09:11:00
1874,1007,196,51,2082-04-15 15:35:00
1875,2998,196,51,2082-04-15 10:33:00
1876,1321,199,52,2082-04-15 14:44:00
1877,2095,199,52,2082-04-15 07:38:00
1878,1998,198,52,2082-04-15 08:58:00
1879,1282,198,52,2082-04-15 15:22:00
1880,1490,201,52,2082-04-15 12:32:00
1881,807,200,52,2082-04-15 13:12:00
1882,2731,198,52,2082-04-15 14:07:00
1883,193,198,52,2082-04-15 11:24:00
1884,152,198,52,2082-04-15 07:28:00
1885,2651,199,52,2082-04-15 16:56:00
1886,2664,199,52,2082-04-15 15:38:00
1887,2314,199,52,2082-04-15 15:02:00
1888,2506,199,52,2082-04-15 16:13:00
1889,2521,198,52,2082-04-15 17:08:00
1890,1926,198,52,2082-04-15 13:20:00
1891,2941,198,52,2082-04-15 16:23:00
1892,1675,199,52,2082-04-15 13:18:00
1893,2893,198,52,2082-04-15 13:54:00
1894,1741,199,52,2082-04-15 15:46:00
1895,1565,198,52,2082-04-15 09:00:00
1896,1312,198,52,2082-04-15 17:27:00
1897,2986,198,52,2082-04-15 09:46:00
1898,1287,198,52,2082-04-15 08:23:00
1899,2618,198,52,2082-04-15 15:44:00
1900,860,199,52,2082-04-15 11:36:00
1901,1706,199,52,2082-04-15 16:00:00
1902,597,198,52,2082-04-15 11:32:00
1903,364,202,53,2082-04-15 10:42:00
1904,15,202,53,2082-04-15 10:57:00
1905,370,203,53,2082-04-15 10:59:00
1906,1536,203,53,2082-04-15 07:11:00
1907,1886,202,53,2082-04-15 10:03:00
1908,115,202,53,2082-04-15 12:17:00
1909,144,202,53,2082-04-15 11:18:00
1910,934,202,53,2082-04-15 11:59:00
1911,2839,204,53,2082-04-15 08:54:00
1912,136,203,53,2082-04-15 14:16:00
1913,2771,203,53,2082-04-15 14:25:00
1914,470,202,53,2082-04-15 07:41:00
1915,1936,203,53,2082-04-15 13:56:00
1916,1758,202,53,2082-04-15 09:24:00
1917,2573,202,53,2082-04-15 16:32:00
1918,1226,202,53,2082-04-15 13:52:00
1919,523,202,53,2082-04-15 08:49:00
1920,783,202,53,2082-04-15 15:12:00
1921,2076,202,53,2082-04-15 12:00:00
1922,1436,202,53,2082-04-15 15:16:00
1923,522,202,53,2082-04-15 16:14:00
1924,2747,203,53,2082-04-15 16:17:00
1925,1020,204,53,2082-04-15 07:53:00
1926,987,202,53,2082-04-15 11:39:00
1927,1814,202,53,2082-04-15 14:38:00
1928,2054,202,53,2082-04-15 09:38:00
1929,258,203,53,2082-04-15 17:55:00
1930,1716,204,53,2082-04-15 11:19:00
1931,1023,202,53,2082-04-15 12:52:00
1932,743,202,53,2082-04-15 16:07:00
1933,187,202,53,2082-04-15 12:59:00
1934,1945,202,53,2082-04-15 13:52:00
1935,1487,203,53,2082-04-15 16:20:00
1936,767,203,53,2082-04-15 17:31:00
1937,2412,202,53,2082-04-15 07:08:00
1938,170,202,53,2082-04-15 11:02:00
1939,1259,202,53,2082-04-15 15:26:00
1940,958,204,53,2082-04-15 15:32:00
1941,89,202,53,2082-04-15 12:51:00
1942,1462,204,53,2082-04-15 10:03:00
1943,1182,203,53,2082-04-15 09:31:00
1944,1712,203,53,2082-04-15 08:31:00
1945,761,202,53,2082-04-15 08:59:00
1946,1218,203,53,2082-04-15 13:06:00
1947,2309,204,53,2082-04-15 15:23:00
1948,432,205,54,2082-04-15 16:47:00
1949,264,208,54,2082-04-15 11:52:00
1950,2744,205,54,2082-04-15 11:46:00
1951,1547,205,54,2082-04-15 08:42:00
1952,1967,205,54,2082-04-15 07:59:00
1953,2708,209,54,2082-04-15 15:42:00
1954,2494,206,54,2082-04-15 09:55:00
1955,1752,205,54,2082-04-15 10:24:00
1956,1615,205,54,2082-04-15 11:52:00
1957,1471,205,54,2082-04-15 13:12:00
1958,1256,205,54,2082-04-15 07:58:00
1959,1025,205,54,2082-04-15 08:24:00
1960,1045,205,54,2082-04-15 10:40:00
1961,1504,206,54,2082-04-15 10:54:00
1962,2236,205,54,2082-04-15 10:59:00
1963,530,208,54,2082-04-15 07:05:00
1964,1663,207,54,2082-04-15 16:25:00
1965,164,209,54,2082-04-15 08:00:00
1966,2104,208,54,2082-04-15 15:29:00
1967,890,206,54,2082-04-15 10:57:00
1968,839,206,54,2082-04-15 10:43:00
1969,2935,209,54,2082-04-15 16:30:00
1970,2603,206,54,2082-04-15 16:08:00
1971,1324,206,54,2082-04-15 13:28:00
1972,234,205,54,2082-04-15 15:27:00
1973,2416,207,54,2082-04-15 08:48:00
1974,903,205,54,2082-04-15 15:00:00
1975,110,206,54,2082-04-15 11:32:00
1976,2955,209,54,2082-04-15 11:33:00
1977,1661,209,54,2082-04-15 09:16:00
1978,417,211,55,2082-04-15 07:01:00
1979,2348,210,55,2082-04-15 13:16:00
1980,186,211,55,2082-04-15 10:15:00
1981,2767,211,55,2082-04-15 16:16:00
1982,1720,210,55,2082-04-15 16:11:00
1983,285,213,55,2082-04-15 15:15:00
1984,1113,210,55,2082-04-15 14:30:00
1985,373,210,55,2082-04-15 08:58:00
1986,451,210,55,2082-04-15 10:39:00
1987,189,210,55,2082-04-15 08:03:00
1988,1289,210,55,2082-04-15 11:42:00
1989,875,210,55,2082-04-15 11:21:00
1990,1075,211,55,2082-04-15 10:06:00
1991,1470,214,55,2082-04-15 14:02:00
1992,1070,210,55,2082-04-15 08:59:00
1993,1882,211,55,2082-04-15 08:57:00
1994,1831,210,55,2082-04-15 13:55:00
1995,2392,210,55,2082-04-15 14:50:00
1996,1812,211,55,2082-04-15 08:38:00
1997,1520,210,55,2082-04-15 09:18:00
1998,1644,210,55,2082-04-15 13:33:00
1999,1880,212,55,2082-04-15 16:27:00
2000,2878,212,55,2082-04-15 08:32:00
2001,2912,211,55,2082-04-15 14:01:00
2002,1923,212,55,2082-04-15 17:09:00
2003,2511,212,55,2082-04-15 08:41:00
2004,310,214,55,2082-04-15 13:50:00
2005,295,212,55,2082-04-15 07:52:00
2006,521,214,55,2082-04-15 17:10:00
2007,205,212,55,2082-04-15 08:02:00
2008,416,214,55,2082-04-15 17:23:00
2009,1424,210,55,2082-04-15 08:15:00
